Date,Israeli_Lines_MWs,Gaza_Power_Plant_MWs,Egyptian_Lines_MWs,Total_daily_Supply_available_in_MWs,Overall_demand_in_MWs,Power_Cuts_hours_day_400mg,Temp
1/1/2017,120,45,0,165,450,8,11
1/2/2017,120,45,0,165,450,8,11
1/3/2017,120,50,0,170,450,9,11
1/4/2017,120,50,0,170,450,9,10
1/5/2017,120,50,0,170,450,9,10
1/6/2017,120,50,0,170,450,9,12
1/7/2017,120,27,0,147,450,7,13
1/8/2017,120,27,0,147,450,7,13
1/9/2017,120,50,10,180,450,9,14
1/10/2017,120,50,0,170,450,9,14
1/11/2017,108,50,0,158,450,8,14
1/12/2017,120,45,0,165,450,8,14
1/13/2017,120,45,0,165,450,8,13
1/14/2017,120,45,0,165,450,8,13
1/15/2017,120,45,0,165,450,8,13
1/16/2017,120,50,0,170,450,9,13
1/17/2017,120,50,0,170,450,9,12
1/18/2017,120,50,0,170,450,9,11
1/19/2017,120,80,0,200,450,10,11
1/20/2017,120,80,0,200,450,10,14
1/21/2017,120,80,20,220,450,11,15
1/22/2017,120,80,20,220,450,11,15.5
1/23/2017,120,80,20,220,450,11,14
1/24/2017,120,80,20,220,450,11,14
1/25/2017,120,80,20,220,450,11,13
1/26/2017,120,80,20,220,450,11,11
1/27/2017,120,80,20,220,450,11,11
1/28/2017,120,80,20,220,450,11,13
1/29/2017,120,80,10,210,450,11,13
1/30/2017,120,80,10,210,450,11,14
1/31/2017,120,80,10,210,450,11,14
2/1/2017,120,80,10,210,450,11,14
2/2/2017,120,80,10,210,450,11,14
2/3/2017,120,80,10,210,450,11,16
2/4/2017,120,80,20,220,450,11,16
2/5/2017,120,80,20,220,450,11,17
2/6/2017,120,80,20,220,450,11,17
2/7/2017,120,80,20,220,450,11,15
2/8/2017,120,80,10,210,450,11,16
2/9/2017,120,80,10,210,450,11,17
2/10/2017,120,80,10,210,450,11,16
2/11/2017,120,55,20,195,450,10,16
2/12/2017,120,55,20,195,450,10,17
2/13/2017,120,55,20,195,450,10,16
2/14/2017,120,55,20,195,450,10,16
2/15/2017,120,55,20,195,450,10,16
2/16/2017,120,55,0,175,450,9,17
2/17/2017,120,55,0,175,450,9,10
2/18/2017,120,67,0,187,450,9,16
2/19/2017,120,65,0,185,450,9,15
2/20/2017,120,65,0,185,450,9,17
2/21/2017,120,55,0,175,450,9,16
2/22/2017,120,55,0,175,450,9,17
2/23/2017,120,55,20,195,450,10,18
2/24/2017,120,55,20,195,450,10,18
2/25/2017,120,55,20,195,450,10,17
2/26/2017,108,55,20,183,450,9,20
2/27/2017,108,55,20,183,450,9,19
2/28/2017,120,55,20,195,450,10,19
3/1/2017,120,55,20,195,450,10,19
3/2/2017,120,74,0,194,450,10,17
3/3/2017,120,74,0,194,450,10,21
3/4/2017,120,74,0,194,450,10,24
3/5/2017,120,70,0,190,450,10,21
3/6/2017,120,70,0,190,450,10,20
3/7/2017,120,70,0,190,450,10,20
3/8/2017,120,53,10,183,450,9,21
3/9/2017,120,53,20,193,450,10,21
3/10/2017,120,53,20,193,450,10,20
3/11/2017,120,53,20,193,450,10,19
3/12/2017,120,53,20,193,450,10,19
3/13/2017,120,53,20,193,450,10,20
3/14/2017,120,50,20,190,450,10,20
3/15/2017,120,50,20,190,450,10,19
3/16/2017,96,51,20,167,450,8,19
3/17/2017,96,51,20,167,450,8,18
3/18/2017,120,50,20,190,450,10,20
3/19/2017,120,50,20,190,450,10,20
3/20/2017,120,50,20,190,450,10,21
3/21/2017,120,50,0,170,450,9,20
3/22/2017,120,50,0,170,450,9,23
3/23/2017,120,50,0,170,450,9,27
3/24/2017,120,50,0,170,450,9,21
3/25/2017,108,50,0,158,450,8,20
3/26/2017,120,50,0,170,450,9,21
3/27/2017,120,50,0,170,450,9,21
3/28/2017,120,50,0,170,450,9,22
3/29/2017,120,50,0,170,450,9,21
3/30/2017,120,50,0,170,450,9,22
3/31/2017,120,50,0,170,450,9,20
4/1/2017,120,50,0,170,450,9,20
4/2/2017,120,50,0,170,450,9,20
4/3/2017,120,50,10,180,450,9,18
4/4/2017,120,50,10,180,450,9,19
4/5/2017,120,50,10,180,450,9,21
4/6/2017,120,50,13,183,450,9,20
4/7/2017,120,50,13,183,450,9,21
4/8/2017,120,50,0,170,450,9,22
4/9/2017,120,50,0,170,450,9,21
4/10/2017,120,50,0,170,450,9,22
4/11/2017,120,30,23,173,450,9,20
4/12/2017,120,30,23,173,450,9,21
4/13/2017,120,23,23,166,450,8,22
4/14/2017,120,23,23,166,450,8,20
4/15/2017,120,23,23,166,450,8,21
4/16/2017,120,0,23,143,450,7,22
4/17/2017,120,0,13,133,450,7,24
4/18/2017,120,0,13,133,450,7,24
4/19/2017,120,0,13,133,450,7,22
4/20/2017,120,0,0,120,450,6,21
4/21/2017,120,0,0,120,450,6,22
4/22/2017,120,0,23,143,450,7,22
4/23/2017,108,0,23,131,450,6,21
4/24/2017,108,0,23,131,450,6,22
4/25/2017,120,0,0,120,450,6,20
4/26/2017,120,0,0,120,450,6,21
4/27/2017,120,0,0,120,450,6,21
4/28/2017,120,0,0,120,450,6,20
4/29/2017,120,0,0,120,450,6,21
4/30/2017,120,0,0,120,450,6,25
5/1/2017,120,0,0,120,450,6,26
5/2/2017,120,0,0,120,450,6,27
5/3/2017,120,0,0,120,450,6,28
5/4/2017,120,0,0,120,450,6,26
5/5/2017,120,0,0,120,450,6,23
5/6/2017,120,0,0,120,450,6,25
5/7/2017,120,0,0,120,450,6,23
5/8/2017,120,0,13,133,450,7,23
5/9/2017,120,0,13,133,450,7,22
5/10/2017,120,0,23,143,450,7,24
5/11/2017,120,0,23,143,450,7,25
5/12/2017,120,0,23,143,450,7,26
5/13/2017,120,0,0,120,450,6,23
5/14/2017,120,0,0,120,450,6,24
5/15/2017,120,0,0,120,450,6,23
5/16/2017,120,0,3,123,450,6,22
5/17/2017,120,0,23,143,450,7,23
5/18/2017,120,0,16,136,450,7,26
5/19/2017,120,0,16,136,450,7,26
5/20/2017,120,0,0,120,450,6,25
5/21/2017,120,0,0,120,450,6,26
5/22/2017,120,0,0,120,450,6,28
5/23/2017,120,0,0,120,450,6,25
5/24/2017,120,0,0,120,450,6,23
5/25/2017,120,0,0,120,450,6,26
5/26/2017,120,0,0,120,450,6,27
5/27/2017,120,0,0,120,450,6,26
5/28/2017,108,0,10,118,450,6,27
5/29/2017,120,0,18,138,450,7,25
5/30/2017,120,0,13,133,450,7,26
5/31/2017,120,0,0,120,450,6,25
6/1/2017,120,0,0,120,450,6,27
6/2/2017,120,0,0,120,450,6,26
6/3/2017,120,0,3,123,450,6,26
6/4/2017,120,0,0,120,450,6,27
6/5/2017,120,0,0,120,450,6,26
6/6/2017,120,0,0,120,450,6,27
6/7/2017,120,0,0,120,450,6,26
6/8/2017,120,0,0,120,450,6,25
6/9/2017,120,0,0,120,450,6,27
6/10/2017,120,0,23,143,450,7,28
6/11/2017,120,0,23,143,450,7,27
6/12/2017,120,0,23,143,450,7,27
6/13/2017,120,0,13,133,450,7,26
6/14/2017,120,0,0,120,450,6,27
6/15/2017,120,0,23,143,450,7,36
6/16/2017,120,0,23,143,450,7,38
6/17/2017,120,0,3,123,450,6,36
6/18/2017,120,0,0,120,450,6,31
6/19/2017,112,0,0,112,450,5,31
6/20/2017,100,0,0,100,450,5,33
6/21/2017,88,55,20,163,450,8,31
6/22/2017,72,55,20,147,450,7,30
6/23/2017,72,55,20,147,450,7,31
6/24/2017,72,55,20,147,450,7,31
6/25/2017,72,55,20,147,450,7,31
6/26/2017,72,55,20,147,450,7,30
6/27/2017,72,55,20,147,450,7,29
6/28/2017,72,55,20,147,450,7,30
6/29/2017,72,45,23,140,450,7,28
6/30/2017,72,45,23,140,450,7,30
7/1/2017,80,65,0,145,450,7,30
7/2/2017,80,65,0,145,450,7,31
7/3/2017,80,65,13,158,450,8,32
7/4/2017,72,65,13,150,450,8,31
7/5/2017,80,65,13,158,450,8,35
7/6/2017,70,65,0,135,450,7,37
7/7/2017,70,45,0,115,450,6,36
7/8/2017,70,23,0,93,450,4,35
7/9/2017,70,20,0,90,450,4,34
7/10/2017,70,42,0,112,450,5,35
7/11/2017,70,22,0,92,450,4,33
7/12/2017,70,18,0,88,450,4,31
7/13/2017,70,0,0,70,450,3,34
7/14/2017,70,70,3,143,450,7,35
7/15/2017,70,70,0,140,450,7,37
7/16/2017,70,70,0,140,450,7,33
7/17/2017,70,70,0,140,450,7,35
7/18/2017,70,68,0,138,450,7,36
7/19/2017,70,68,0,138,450,7,35
7/20/2017,70,24,0,94,450,5,35
7/21/2017,70,45,0,115,450,6,33
7/22/2017,70,65,0,135,450,7,35
7/23/2017,70,65,0,135,450,7,36
7/24/2017,70,65,0,135,450,7,35
7/25/2017,70,65,0,135,450,7,38
7/26/2017,70,65,0,135,450,7,36
7/27/2017,70,65,0,135,450,7,33
7/28/2017,70,65,0,135,450,7,35
7/29/2017,70,65,0,135,450,7,35
7/30/2017,70,65,0,135,450,7,34
7/31/2017,70,65,0,135,450,7,32
8/1/2017,70,65,0,135,450,7,31
8/2/2017,70,65,0,135,450,7,32
8/3/2017,70,65,0,135,450,7,31
8/4/2017,70,65,0,135,450,7,33
8/5/2017,70,65,0,135,450,7,34
8/6/2017,70,65,0,135,450,7,35
8/7/2017,70,65,0,135,450,7,34
8/8/2017,70,65,0,135,450,7,35
8/9/2017,70,65,0,135,450,7,35
8/10/2017,70,65,0,135,450,7,36
8/11/2017,70,65,0,135,450,7,37
8/12/2017,70,43,0,113,450,6,36
8/13/2017,70,24,0,94,450,5,38
8/14/2017,70,24,0,94,450,5,36
8/15/2017,70,24,0,94,450,5,35
8/16/2017,70,24,0,94,450,5,36
8/17/2017,70,43,0,113,450,6,35
8/18/2017,70,43,0,113,450,6,33
8/19/2017,70,43,0,113,450,6,34
8/20/2017,70,43,0,113,450,6,34
8/21/2017,70,43,0,113,450,6,33
8/22/2017,70,43,0,113,450,6,32
8/23/2017,70,43,0,113,450,6,33
8/24/2017,70,43,0,113,450,6,34
8/25/2017,70,43,0,113,450,6,33
8/26/2017,70,65,0,135,450,7,32
8/27/2017,70,65,0,135,450,7,32
8/28/2017,70,65,0,135,450,7,34
8/29/2017,70,65,0,135,450,7,34
8/30/2017,70,65,0,135,450,7,32
8/31/2017,70,65,13,148,450,7,31
9/1/2017,70,65,13,148,450,7,33
9/2/2017,70,65,13,148,450,7,34
9/3/2017,70,65,13,148,450,7,34
9/4/2017,70,65,13,148,450,7,34
9/5/2017,70,67,13,150,450,8,33
9/6/2017,70,67,23,150,450,8,33
9/7/2017,70,67,0,137,450,7,32
9/8/2017,70,67,0,137,450,7,32
9/9/2017,70,67,0,137,450,7,33
9/10/2017,70,67,0,137,450,7,32
9/11/2017,70,67,23,160,450,8,33
9/12/2017,70,67,23,160,450,8,33
9/13/2017,70,67,23,160,450,8,32
9/14/2017,70,67,0,137,450,7,33
9/15/2017,70,23,0,93,450,4,32
9/16/2017,70,45,0,115,450,6,31
9/17/2017,70,67,23,160,450,8,31
9/18/2017,70,67,13,150,450,8,31
9/19/2017,70,67,4,141,450,7,31
9/20/2017,70,67,4,141,450,7,31
9/21/2017,70,45,0,115,450,6,30
9/22/2017,70,45,22,137,450,7,30
9/23/2017,70,46,22,138,450,7,30
9/24/2017,70,45,23,138,450,7,31
9/25/2017,70,45,14,129,450,6,30
9/26/2017,64,45,20,129,450,6,31
9/27/2017,63,45,24,132,450,7,31
9/28/2017,63,45,24,132,450,7,31
9/29/2017,63,45,24,132,450,7,30
9/30/2017,70,45,24,139,450,7,31
10/1/2017,70,45,24,139,450,7,32
10/2/2017,70,45,24,139,450,7,32
10/3/2017,63,50,0,113,450,6,31
10/4/2017,70,50,0,120,450,6,30
10/5/2017,70,46,8,124,450,6,30
10/6/2017,70,46,8,124,450,6,30
10/7/2017,70,46,0,116,450,6,29
10/8/2017,70,46,23,139,450,7,29
10/9/2017,70,46,23,139,450,7,29
10/10/2017,70,46,23,139,450,7,28
10/11/2017,70,23,23,116,450,6,28
10/12/2017,70,46,23,139,450,7,29
10/13/2017,70,46,23,139,450,7,28
10/14/2017,70,46,19,135,450,7,28
10/15/2017,70,46,19,135,450,7,28
10/16/2017,70,46,0,116,450,6,28
10/17/2017,70,50,0,120,450,6,29
10/18/2017,70,50,0,120,450,6,29
10/19/2017,70,50,0,120,450,6,28
10/20/2017,70,50,0,120,450,6,28
10/21/2017,70,50,0,120,450,6,30
10/22/2017,70,55,0,125,450,6,32
10/23/2017,70,55,0,125,450,6,32
10/24/2017,70,55,0,125,450,6,30
10/25/2017,70,55,0,125,450,6,26
10/26/2017,56,55,0,111,450,5,24
10/27/2017,70,50,0,120,450,6,25
10/28/2017,70,50,0,120,450,6,25
10/29/2017,70,50,0,120,450,6,27
10/30/2017,70,50,20,140,450,7,27
10/31/2017,70,50,20,140,450,7,28
11/1/2017,70,50,10,130,450,6,27
11/2/2017,70,50,20,140,450,7,26
11/3/2017,70,50,20,140,450,7,25
11/4/2017,70,50,20,140,450,7,25
11/5/2017,70,50,20,140,450,7,24
11/6/2017,70,50,23,143,450,7,23
11/7/2017,70,50,23,143,450,7,24
11/8/2017,70,50,0,120,450,6,24
11/9/2017,70,50,0,120,450,6,24
11/10/2017,70,50,23,143,450,7,24
11/11/2017,70,50,23,143,450,7,24
11/12/2017,70,45,0,115,450,6,24
11/13/2017,70,54,23,147,450,7,24
11/14/2017,70,54,23,147,450,7,23
11/15/2017,70,54,23,147,450,7,23
11/16/2017,70,54,23,147,450,7,24
11/17/2017,70,54,23,147,450,7,24
11/18/2017,70,54,23,147,450,7,24
11/19/2017,70,50,23,143,450,7,23
11/20/2017,70,50,23,143,450,7,22
11/21/2017,70,50,23,143,450,7,22
11/22/2017,70,50,20,140,450,7,22
11/23/2017,70,50,23,143,450,7,20
11/24/2017,70,50,0,120,450,6,20
11/25/2017,70,28,0,98,450,5,20
11/26/2017,70,58,0,128,450,6,20
11/27/2017,70,58,0,128,450,6,22
11/28/2017,70,57,0,127,450,6,24
11/29/2017,70,57,0,127,450,6,22
11/30/2017,70,56,0,126,450,6,22
12/1/2017,70,56,0,126,450,6,22
12/2/2017,70,56,0,126,450,6,21
12/3/2017,70,55,0,125,450,6,21
12/4/2017,70,55,0,125,450,6,21
12/5/2017,70,55,0,125,450,6,20
12/6/2017,70,56,0,126,450,6,18
12/7/2017,70,56,0,126,450,6,17
12/8/2017,70,56,0,126,450,6,18
12/9/2017,70,54,0,124,450,6,19
12/10/2017,70,54,0,124,450,6,20
12/11/2017,70,54,0,124,450,6,20
12/12/2017,70,25,0,95,450,5,19
12/13/2017,70,25,0,95,450,5,19
12/14/2017,70,25,0,95,450,5,19
12/15/2017,70,54,0,124,450,6,20
12/16/2017,70,54,0,124,450,6,21
12/17/2017,70,54,20,144,450,7,20
12/18/2017,63,60,4,127,450,6,20
12/19/2017,70,55,0,125,450,6,19
12/20/2017,68,55,4,127,450,6,17
12/21/2017,68,55,0,123,450,6,18
12/22/2017,70,55,14,139,450,7,18
12/23/2017,70,55,0,125,450,6,19
12/24/2017,70,55,0,125,450,6,20
12/25/2017,70,55,0,125,450,6,20
12/26/2017,70,55,14,139,450,7,20
12/27/2017,70,55,0,125,450,6,17
12/28/2017,70,55,14,139,450,7,16
12/29/2017,70,55,14,139,450,7,16
12/30/2017,70,55,14,139,450,7,15
12/31/2017,70,55,14,139,450,7,17
1/1/2018,70,55,14,139,651,5,11
1/2/2018,70,55,14,139,642,5,11
1/3/2018,70,55,14,139,651,5,11
1/4/2018,70,55,0,125,654,4,10
1/5/2018,70,55,0,125,654,4,10
1/6/2018,70,55,0,125,636,4,12
1/7/2018,70,55,4,129,552,5,13
1/8/2018,120,55,4,179,563,7,13
1/9/2018,120,55,13,188,563,8,14
1/10/2018,120,56,14,190,556,8,14
1/11/2018,120,56,14,190,551,8,14
1/12/2018,120,56,14,190,539,8,14
1/13/2018,120,56,24,200,516,9,13
1/14/2018,120,56,24,200,532,9,13
1/15/2018,120,56,24,200,536,8,13
1/16/2018,120,56,24,200,539,8,13
1/17/2018,120,25,19,164,549,7,12
1/18/2018,120,25,14,159,548,6,11
1/19/2018,108,48,0,156,577,6,11
1/20/2018,120,58,0,178,558,7,14
1/21/2018,120,58,14,192,547,8,15
1/22/2018,120,25,24,169,531,7,15.5
1/23/2018,120,25,24,169,546,7,14
1/24/2018,120,25,24,169,543,7,14
1/25/2018,120,25,24,169,549,7,13
1/26/2018,120,25,24,169,559,7,11
1/27/2018,108,25,14,147,621,5,11
1/28/2018,120,25,14,159,608,6,13
1/29/2018,120,25,14,159,608,6,13
1/30/2018,120,25,14,159,591,6,14
1/31/2018,120,25,14,159,561,6,14
2/1/2018,120,25,0,145,560,6,14
2/2/2018,120,25,0,145,556,6,14
2/3/2018,120,25,0,145,558,6,16
2/4/2018,120,25,14,159,558,6,16
2/5/2018,120,25,14,159,521,7,17
2/6/2018,120,25,4,149,474,7,17
2/7/2018,120,25,4,149,509,7,15
2/8/2018,120,25,24,169,524,7,16
2/9/2018,120,25,24,169,503,8,17
2/10/2018,120,25,24,169,514,7,16
2/11/2018,120,25,0,145,571,6,16
2/12/2018,120,25,0,145,595,5,17
2/13/2018,120,25,0,145,578,6,16
2/14/2018,120,25,0,145,567,6,16
2/15/2018,120,0,0,120,591,4,16
2/16/2018,120,0,0,120,567,5,17
2/17/2018,120,0,0,120,628,4,10
2/18/2018,120,0,0,120,603,4,16
2/19/2018,120,25,0,145,583,5,15
2/20/2018,120,25,0,145,579,6,17
2/21/2018,120,25,0,145,558,6,16
2/22/2018,120,0,0,120,533,5,17
2/23/2018,120,0,0,120,600,4,18
2/24/2018,120,0,0,120,572,5,18
2/25/2018,120,25,0,145,563,6,17
2/26/2018,120,25,0,145,546,6,20
2/27/2018,120,25,0,145,542,6,19
2/28/2018,120,25,0,145,548,6,19
3/1/2018,120,25,0,145,559,6,19
3/2/2018,120,25,0,145,545,6,17
3/3/2018,120,25,0,145,536,6,21
3/4/2018,120,25,0,145,531,6,24
3/5/2018,120,25,0,145,524,6,21
3/6/2018,120,25,0,145,507,6,20
3/7/2018,120,25,0,145,504,6,20
3/8/2018,120,25,0,145,504,6,21
3/9/2018,120,25,0,145,508,6,21
3/10/2018,120,25,0,145,524,6,20
3/11/2018,120,25,0,145,516,6,19
3/12/2018,120,25,0,145,509,6,19
3/13/2018,120,25,0,145,501,6,20
3/14/2018,120,25,0,145,494,7,20
3/15/2018,120,25,0,145,502,6,19
3/16/2018,120,25,0,145,506,6,19
3/17/2018,120,25,0,145,512,6,18
3/18/2018,120,25,0,145,506,6,20
3/19/2018,120,25,0,145,514,6,20
3/20/2018,120,23,0,143,514,6,21
3/21/2018,120,23,0,143,513,6,20
3/22/2018,120,23,0,143,521,6,23
3/23/2018,120,23,0,143,517,6,27
3/24/2018,120,23,0,143,510,6,21
3/25/2018,120,0,0,120,590,4,20
3/26/2018,120,0,0,120,575,5,21
3/27/2018,120,23,0,143,560,6,21
3/28/2018,120,23,0,143,565,6,22
3/29/2018,120,25,0,145,553,6,21
3/30/2018,120,23,0,143,525,6,22
3/31/2018,120,23,0,143,511,6,20
4/1/2018,120,23,0,143,539,6,20
4/2/2018,120,23,0,143,535,6,20
4/3/2018,120,23,0,143,516,6,18
4/4/2018,120,23,0,143,514,6,19
4/5/2018,120,23,0,143,529,6,21
4/6/2018,120,23,0,143,522,6,20
4/7/2018,108,23,0,131,532,5,21
4/8/2018,120,23,0,143,521,6,22
4/9/2018,120,23,0,143,512,6,21
4/10/2018,120,23,0,143,512,6,22
4/11/2018,120,23,0,143,522,6,20
4/12/2018,120,23,0,143,538,6,21
4/13/2018,120,0,0,120,603,4,22
4/14/2018,120,0,0,120,605,4,20
4/15/2018,120,0,0,120,597,4,21
4/16/2018,120,0,0,120,599,4,22
4/17/2018,120,0,0,120,584,4,24
4/18/2018,120,0,0,120,565,5,24
4/19/2018,120,0,0,120,551,5,22
4/20/2018,120,0,0,120,540,5,21
4/21/2018,120,0,0,120,529,5,22
4/22/2018,108,0,0,108,542,4,22
4/23/2018,120,0,0,120,558,5,21
4/24/2018,120,0,0,120,546,5,22
4/25/2018,120,0,0,120,542,5,20
4/26/2018,120,0,0,120,531,5,21
4/27/2018,120,0,0,120,524,5,21
4/28/2018,120,0,0,120,517,5,20
4/29/2018,120,0,0,120,522,5,21
4/30/2018,120,0,0,120,524,5,25
5/1/2018,120,0,0,120,508,5,26
5/2/2018,94,0,0,94,514,4,27
5/3/2018,116,0,0,116,525,5,28
5/4/2018,120,0,0,120,514,5,26
5/5/2018,120,0,0,120,527,5,23
5/6/2018,120,0,0,120,537,5,25
5/7/2018,120,0,0,120,532,5,23
5/8/2018,108,0,0,108,538,4,23
5/9/2018,120,0,0,120,524,5,22
5/10/2018,120,0,0,120,518,5,24
5/11/2018,120,0,0,120,514,5,25
5/12/2018,120,0,0,120,527,5,26
5/13/2018,120,0,0,120,525,5,23
5/14/2018,120,0,0,120,526,5,24
5/15/2018,120,0,0,120,517,5,23
5/16/2018,120,0,0,120,522,5,22
5/17/2018,120,0,0,120,533,5,23
5/18/2018,120,0,0,120,526,5,26
5/19/2018,120,0,0,120,529,5,26
5/20/2018,120,0,0,120,523,5,25
5/21/2018,120,0,0,120,525,5,26
5/22/2018,120,0,0,120,524,5,28
5/23/2018,108,0,0,108,524,4,25
5/24/2018,108,0,0,108,516,5,23
5/25/2018,120,0,0,120,519,5,26
5/26/2018,120,0,0,120,515,5,27
5/27/2018,120,0,0,120,510,5,26
5/28/2018,120,0,0,120,500,5,27
5/29/2018,120,0,0,120,530,5,25
5/30/2018,84,16,0,100,524,4,26
5/31/2018,84,20,0,104,521,4,25
6/1/2018,113,20,0,133,521,6,27
6/2/2018,113,21,0,134,518,6,26
6/3/2018,99,21,0,120,519,5,26
6/4/2018,111,21,0,132,521,6,27
6/5/2018,111,21,0,132,522,6,26
6/6/2018,111,0,0,111,526,5,27
6/7/2018,99,0,0,99,530,4,26
6/8/2018,120,0,0,120,516,5,25
6/9/2018,120,0,0,120,515,5,27
6/10/2018,120,0,0,120,518,5,28
6/11/2018,120,0,0,120,515,5,27
6/12/2018,120,0,0,120,517,5,27
6/13/2018,120,0,0,120,525,5,26
6/14/2018,120,0,0,120,523,5,27
6/15/2018,120,0,0,120,511,5,36
6/16/2018,120,0,0,120,515,5,38
6/17/2018,120,0,0,120,517,5,36
6/18/2018,120,0,0,120,518,5,31
6/19/2018,120,0,0,120,522,5,31
6/20/2018,120,0,0,120,518,5,33
6/21/2018,120,20,0,140,512,6,31
6/22/2018,120,20,0,140,503,6,30
6/23/2018,108,20,0,128,511,6,31
6/24/2018,120,20,0,140,521,6,31
6/25/2018,120,20,0,140,513,6,31
6/26/2018,120,20,0,140,521,6,30
6/27/2018,120,20,0,140,519,6,29
6/28/2018,120,20,0,140,517,6,30
6/29/2018,120,20,0,140,509,6,28
6/30/2018,120,20,0,140,518,6,30
7/1/2018,120,20,0,140,517,6,30
7/2/2018,120,20,0,140,528,6,31
7/3/2018,120,20,0,140,522,6,32
7/4/2018,120,20,0,140,517,6,31
7/5/2018,120,20,0,140,512,6,35
7/6/2018,120,20,0,140,519,6,37
7/7/2018,120,20,0,140,513,6,36
7/8/2018,120,20,0,140,517,6,35
7/9/2018,108,20,0,128,536,5,34
7/10/2018,109,20,0,129,531,5,35
7/11/2018,118,20,0,138,537,6,33
7/12/2018,118,20,0,138,529,6,31
7/13/2018,118,20,0,138,520,6,34
7/14/2018,118,20,0,138,515,6,35
7/15/2018,106,20,0,126,520,5,37
7/16/2018,118,20,0,138,524,6,33
7/17/2018,118,20,0,138,530,6,35
7/18/2018,118,20,0,138,522,6,36
7/19/2018,118,20,0,138,529,6,35
7/20/2018,118,20,0,138,521,6,35
7/21/2018,108,20,0,128,523,5,33
7/22/2018,108,20,0,128,534,5,35
7/23/2018,108,0,0,108,549,4,36
7/24/2018,120,0,0,120,539,5,35
7/25/2018,120,0,0,120,523,5,38
7/26/2018,120,8,0,128,529,5,36
7/27/2018,120,20,0,140,523,6,33
7/28/2018,120,20,0,140,531,6,35
7/29/2018,120,20,0,140,536,6,35
7/30/2018,120,20,0,140,540,6,34
7/31/2018,120,23,0,143,536,6,32
8/1/2018,120,23,0,143,525,6,31
8/2/2018,120,23,0,143,535,6,32
8/3/2018,120,23,0,143,520,6,31
8/4/2018,120,23,0,143,531,6,33
8/5/2018,120,23,0,143,540,6,34
8/6/2018,120,23,0,143,533,6,35
8/7/2018,120,23,0,143,538,6,34
8/8/2018,120,23,0,143,538,6,35
8/9/2018,108,23,0,131,546,5,35
8/10/2018,120,23,0,143,532,6,36
8/11/2018,120,23,0,143,551,6,37
8/12/2018,120,23,0,143,533,6,36
8/13/2018,120,23,0,143,541,6,38
8/14/2018,120,23,0,143,533,6,36
8/15/2018,120,23,0,143,546,6,35
8/16/2018,120,23,0,143,538,6,36
8/17/2018,120,23,0,143,530,6,35
8/18/2018,120,23,0,143,540,6,33
8/19/2018,120,23,0,143,542,6,34
8/20/2018,120,23,0,143,534,6,34
8/21/2018,120,23,0,143,521,6,33
8/22/2018,120,23,0,143,519,6,32
8/23/2018,120,23,0,143,528,6,33
8/24/2018,120,23,0,143,531,6,34
8/25/2018,120,23,0,143,534,6,33
8/26/2018,120,23,0,143,530,6,32
8/27/2018,120,23,0,143,523,6,32
8/28/2018,120,23,0,143,539,6,34
8/29/2018,120,23,0,143,540,6,34
8/30/2018,120,23,0,143,546,6,32
8/31/2018,120,23,0,143,543,6,31
9/1/2018,120,23,0,143,546,6,33
9/2/2018,120,23,0,143,555,6,34
9/3/2018,120,21,0,141,556,6,34
9/4/2018,120,21,0,141,554,6,34
9/5/2018,120,21,0,141,550,6,33
9/6/2018,120,21,0,141,539,6,33
9/7/2018,120,21,0,141,529,6,32
9/8/2018,120,21,0,141,527,6,32
9/9/2018,120,21,0,141,528,6,33
9/10/2018,120,21,0,141,519,6,32
9/11/2018,120,21,0,141,538,6,33
9/12/2018,120,21,0,141,550,6,33
9/13/2018,120,21,0,141,524,6,32
9/14/2018,120,21,0,141,528,6,33
9/15/2018,120,21,0,141,533,6,32
9/16/2018,120,21,0,141,532,6,31
9/17/2018,120,21,0,141,534,6,31
9/18/2018,120,21,0,141,541,6,31
9/19/2018,120,21,0,141,526,6,31
9/20/2018,120,21,0,141,537,6,31
9/21/2018,120,21,0,141,538,6,30
9/22/2018,120,21,0,141,529,6,30
9/23/2018,120,21,0,141,521,6,30
9/24/2018,108,21,0,129,530,5,31
9/25/2018,120,21,0,141,503,6,30
9/26/2018,120,21,0,141,522,6,31
9/27/2018,120,21,0,141,546,6,31
9/28/2018,120,21,0,141,495,6,31
9/29/2018,120,21,0,141,505,6,30
9/30/2018,120,21,0,141,537,6,31
10/1/2018,120,21,0,141,545,6,32
10/2/2018,120,21,0,141,547,6,32
10/3/2018,120,21,0,141,532,6,31
10/4/2018,120,21,0,141,519,6,30
10/5/2018,120,21,0,141,527,6,30
10/6/2018,120,21,0,141,533,6,30
10/7/2018,120,21,0,141,519,6,29
10/8/2018,120,21,0,141,528,6,29
10/9/2018,120,21,0,141,529,6,29
10/10/2018,120,21,0,141,502,6,28
10/11/2018,120,21,0,141,544,6,28
10/12/2018,120,21,0,141,541,6,29
10/13/2018,120,21,0,141,503,6,28
10/14/2018,120,21,0,141,523,6,28
10/15/2018,120,21,0,141,525,6,28
10/16/2018,120,21,0,141,491,6,28
10/17/2018,120,21,0,141,505,6,29
10/18/2018,120,21,0,141,511,6,29
10/19/2018,120,21,0,141,485,6,28
10/20/2018,120,21,0,141,526,6,28
10/21/2018,120,21,0,141,528,6,30
10/22/2018,120,21,0,141,508,6,32
10/23/2018,120,21,0,141,529,6,32
10/24/2018,120,21,0,141,522,6,30
10/25/2018,120,51,0,171,402,10,26
10/26/2018,120,51,0,171,390,10,24
10/27/2018,120,51,0,171,391,10,25
10/28/2018,120,51,0,171,397,10,25
10/29/2018,120,75,0,195,404,11,27
10/30/2018,120,75,0,195,406,11,27
10/31/2018,120,75,0,195,408,11,28
11/1/2018,120,75,0,195,405,11,27
11/2/2018,120,75,0,195,399,16,26
11/3/2018,120,75,0,195,402,16,25
11/4/2018,120,75,0,195,410,16,25
11/5/2018,120,75,0,195,399,16,24
11/6/2018,120,75,0,195,391,16,23
11/7/2018,120,75,0,195,403,15,24
11/8/2018,120,75,0,195,407,15,24
11/9/2018,120,75,0,195,397,15,24
11/10/2018,120,75,0,195,399,15,24
11/11/2018,120,75,0,195,401,15,24
11/12/2018,120,75,0,195,394,15,24
11/13/2018,120,75,0,195,383,15,24
11/14/2018,120,75,0,195,390,15,23
11/15/2018,120,75,0,195,395,15,23
11/16/2018,120,75,0,195,388,15,24
11/17/2018,120,75,0,195,395,15,24
11/18/2018,120,75,0,195,401,15,24
11/19/2018,120,75,0,195,390,15,23
11/20/2018,120,75,0,195,395,15,22
11/21/2018,120,75,0,195,401,15,22
11/22/2018,120,75,0,195,391,15,22
11/23/2018,120,79,0,199,406,15,20
11/24/2018,120,79,0,199,394,15,20
11/25/2018,120,79,0,199,393,15,20
11/26/2018,120,79,0,199,394,15,20
11/27/2018,120,79,0,199,409,15,22
11/28/2018,120,79,0,199,398,15,24
11/29/2018,120,79,0,199,403,15,22
11/30/2018,120,79,0,199,399,15,22
12/1/2018,120,79,0,199,392,16,22
12/2/2018,120,79,0,199,390,16,21
12/3/2018,120,79,0,199,393,16,21
12/4/2018,120,79,0,199,393,16,21
12/5/2018,120,79,0,199,417,15,20
12/6/2018,120,79,0,199,421,15,18
12/7/2018,120,79,0,199,432,14,17
12/8/2018,120,79,0,199,452,14,18
12/9/2018,120,79,0,199,433,14,19
12/10/2018,120,79,0,199,420,15,20
12/11/2018,120,79,0,199,432,15,20
12/12/2018,120,79,0,199,412,15,19
12/13/2018,120,79,0,199,414,15,19
12/14/2018,120,79,0,199,416,15,19
12/15/2018,120,79,0,199,404,15,20
12/16/2018,120,79,0,199,406,15,21
12/17/2018,120,79,0,199,420,15,20
12/18/2018,120,79,0,199,411,15,20
12/19/2018,120,79,0,199,449,14,19
12/20/2018,120,79,0,199,527,13,17
12/21/2018,120,79,0,199,459,14,18
12/22/2018,120,79,0,199,443,14,18
12/23/2018,120,79,0,199,462,13,19
12/24/2018,120,79,0,199,453,13,20
12/25/2018,120,79,0,199,464,13,20
12/26/2018,120,79,0,199,445,13,20
12/27/2018,120,79,0,199,536,11,17
12/28/2018,120,79,0,199,542,11,16
12/29/2018,120,79,0,199,570,11,16
12/30/2018,120,79,0,199,582,8.5,15
12/31/2018,120,79,0,199,560,8.5,17
1/1/2019,120,79,0,199,528,8.5,17
1/2/2019,120,79,0,199,558,9,16
1/3/2019,120,79,0,199,526,9,17
1/4/2019,120,79,0,199,498,9,17
1/5/2019,120,80,0,200,506,9,16
1/6/2019,120,80,0,200,566,9,15
1/7/2019,120,80,0,200,556,9,15
1/8/2019,120,80,0,200,566,9,16
1/9/2019,120,80,0,200,558,9,14
1/10/2019,120,80,0,200,546,9,15
1/11/2019,120,80,0,200,514,9,17
1/12/2019,120,80,0,200,536,9,17
1/13/2019,120,80,0,200,564,9,16
1/14/2019,120,80,0,200,570,8,16
1/15/2019,120,80,0,200,554,9,16
1/16/2019,120,80,0,200,622,8,14
1/17/2019,120,80,0,200,594,9,15
1/18/2019,120,80,0,200,536,9,16
1/19/2019,120,80,0,200,500,9,17
1/20/2019,120,80,0,200,564,9,17
1/21/2019,120,80,0,200,536,9,18
1/22/2019,120,80,0,200,543,9,18
1/23/2019,120,80,0,200,552,9,19
1/24/2019,120,80,0,200,536,10,21
1/25/2019,120,80,0,200,510,10,22
1/26/2019,120,80,0,200,494,10,23
1/27/2019,120,80,0,200,520,9,21
1/28/2019,120,80,0,200,562,9,19
1/29/2019,120,80,0,200,524,11,21
1/30/2019,120,80,0,200,528,11,20
1/31/2019,120,80,0,200,510,11,20
2/1/2019,120,80,0,200,510,11,21
2/2/2019,120,80,0,200,496,11,21
2/3/2019,120,80,0,200,512,11,22
2/4/2019,120,80,0,200,506,11,24
2/5/2019,120,80,0,200,504,12,26
2/6/2019,120,80,0,200,514,12,24
2/7/2019,120,80,0,200,470,12,20
2/8/2019,120,80,0,200,471,12,18
2/9/2019,120,80,0,200,490,12,15
2/10/2019,120,80,0,200,504,12,15
2/11/2019,120,80,0,200,504,12,15
2/12/2019,120,80,0,200,487,12,18
2/13/2019,120,80,0,200,476,12,21
2/14/2019,120,80,0,200,500,12,19
2/15/2019,120,80,0,200,504,12,15
2/16/2019,120,80,0,200,496,12,16
2/17/2019,120,80,0,200,492,12,14
2/18/2019,120,80,0,200,523,11,16
2/19/2019,120,80,0,200,569,11,16
2/20/2019,120,80,0,200,518,12,17
2/21/2019,120,80,0,200,498,12,17
2/22/2019,120,80,0,200,467,13,18
2/23/2019,120,80,0,200,487,12,19
2/24/2019,120,80,0,200,485,12,19
2/25/2019,120,80,0,200,549,12,23
2/26/2019,120,80,0,200,510,12,20
2/27/2019,120,80,0,200,518,12,16
2/28/2019,120,80,0,200,532,12,15
3/1/2019,120,80,0,200,511,12,17
3/2/2019,120,80,0,200,508,12,17
3/3/2019,120,80,0,200,496,13,18
3/4/2019,120,80,0,200,483,13,17
3/5/2019,120,80,0,200,492,13,17
3/6/2019,120,80,0,200,488,13,19
3/7/2019,120,80,0,200,488,13,19
3/8/2019,120,80,0,200,491,13,19
3/9/2019,120,80,0,200,502,12,18
3/10/2019,120,80,0,200,538,12,18
3/11/2019,120,80,0,200,474,14,20
3/12/2019,120,80,0,200,487,14,24
3/13/2019,120,80,0,200,462,15,22
3/14/2019,120,80,0,200,472,15,18
3/15/2019,120,80,0,200,492,14,20
3/16/2019,120,80,0,200,501,14,17
3/17/2019,120,80,0,200,470,15,17
3/18/2019,120,80,0,200,474,15,18
3/19/2019,108,81,0,189,471,14,20
3/20/2019,108,81,0,189,418,15,20
3/21/2019,120,80,0,200,448,15,20
3/22/2019,120,80,0,200,422,15,22
3/23/2019,120,80,0,200,438,15,20
3/24/2019,120,80,0,200,469,15,15
3/25/2019,120,56,0,176,496,12,16
3/26/2019,120,56,0,176,514,12,17
3/27/2019,120,56,0,176,513,10,19
3/28/2019,120,56,0,176,488,10,20
3/29/2019,120,56,0,176,484,10,20
3/30/2019,120,47.5,0,167.5,505,9,17
3/31/2019,120,47.5,0,167.5,485,9,16
4/1/2019,120,47.5,0,167.5,486,9,15
4/2/2019,120,47.5,0,167.5,483,9,18
4/3/2019,120,47.5,0,167.5,454,9,18
4/4/2019,120,74.5,0,194.5,461,12,21
4/5/2019,120,71,0,191,448,12,21
4/6/2019,120,71,0,191,446,14,22
4/7/2019,108,67,0,175,446,13,26
4/8/2019,120,71,0,191,429,14,27
4/9/2019,120,71,0,191,420,14,25
4/10/2019,120,71,0,191,408,15,25
4/11/2019,120,71,0,191,415,15,24
4/12/2019,120,71,0,191,410,15,26
4/13/2019,120,71,0,191,392,16,28
4/14/2019,120,71,0,191,412,15,20
4/15/2019,120,71,0,191,418,15,22
4/16/2019,120,71,0,191,389,16,20
4/17/2019,120,49.5,0,169.5,423,14,19
4/18/2019,120,71,0,191,406,15,19
4/19/2019,120,71,0,191,388,15,20
4/20/2019,120,71,0,191,392,15,22
4/21/2019,120,71,0,191,402,15,23
4/22/2019,120,71,0,191,382,16,24
4/23/2019,120,71,0,191,386,16,25
4/24/2019,120,71,0,191,394,16,25
4/25/2019,120,71,0,191,382,16,27
4/26/2019,120,71,0,191,344,16,26
4/27/2019,120,71,0,191,359,16,26
4/28/2019,120,71,0,191,354,16,25
4/29/2019,120,71,0,191,382,16,28
4/30/2019,120,71,0,191,390,16,29
5/1/2019,120,71,0,191,360,16,30
5/2/2019,108,71,0,179,444,14,30
5/3/2019,120,71,0,191,374,16,24
5/4/2019,120,71,0,191,354,16,25
5/5/2019,96,45,0,141,350,12,27
5/6/2019,108,48.5,0,156.5,410,12,33
5/7/2019,108,45.5,0,153.5,400,12,27
5/8/2019,120,46,0,166,360,14,23
5/9/2019,120,46,0,166,383,14,23
5/10/2019,120,46,0,166,378,14,22
5/11/2019,120,46,0,166,378,14,22
5/12/2019,108,74,0,182,392,14,27
5/13/2019,120,74,0,194,373,14,30
5/14/2019,120,74,0,194,388,14,29
5/15/2019,108,74,0,182,392,14,30
5/16/2019,120,73,0,173,368,16,32
5/17/2019,120,71,0,191,370,16,30
5/18/2019,120,71,0,191,370,16,29
5/19/2019,120,71,0,191,347,16,28
5/20/2019,120,71,0,191,366,16,29
5/21/2019,120,71,0,191,349,16,29
5/22/2019,120,71,0,191,361,16,33
5/23/2019,120,65,0,185,390,12,41
5/24/2019,120,65,0,185,398,12,42
5/25/2019,120,71,0,191,376,16,29
5/26/2019,120,71,0,191,363,16,28
5/27/2019,120,71,0,191,364,16,30
5/28/2019,120,71,0,191,352,16,32
5/29/2019,120,71,0,191,382,16,33
5/30/2019,120,71,0,191,373,16,34
5/31/2019,120,71,0,191,364,16,29
6/1/2019,120,71,0,191,363,16,30
6/2/2019,120,71,0,191,382,16,32
6/3/2019,116,71,0,187,392,16,32
6/4/2019,120,71,0,191,382,16,30
6/5/2019,120,71,0,191,385,16,29
6/6/2019,120,71,0,191,361,16,29
6/7/2019,120,71,0,191,353,16,31
6/8/2019,120,71,0,191,377,16,32
6/9/2019,120,71,0,191,370,16,32
6/10/2019,120,71,0,191,418,12,32
6/11/2019,120,71,0,191,436,12,32
6/12/2019,120,71,0,191,426,12,31
6/13/2019,120,71,0,191,427,12,30
6/14/2019,120,71,0,191,391,14,30
6/15/2019,120,71,0,191,408,14,29
6/16/2019,120,71,0,191,446,10,29
6/17/2019,96,72,0,168,461,10,30
6/18/2019,120,71,0,191,464,10,29
6/19/2019,120,71,0,191,430,10,29
6/20/2019,120,71,0,191,451,10,30
6/21/2019,120,71,0,191,378,14,30
6/22/2019,120,71,0,191,436,12,32
6/23/2019,120,71,0,191,465,10,31
6/24/2019,120,71,0,191,458,10,31
6/25/2019,108,47,0,155,470,8,34
6/26/2019,120,47,0,167,469,10,35
6/27/2019,120,47,0,167,482,10,34
6/28/2019,120,47,0,167,439,10,33
6/29/2019,120,71,0,191,469,10,32
6/30/2019,120,71,0,191,457,10,32
7/1/2019,120,71,0,191,456,10,32
7/2/2019,120,71,0,191,451,10,31
7/3/2019,120,71,0,191,468,10,32
7/4/2019,120,71,0,191,439,10,31
7/5/2019,120,71,0,191,442,10,31
7/6/2019,120,71,0,191,455,10,32
7/7/2019,120,71,0,191,467,10,32
7/8/2019,120,71,0,191,464,10,32
7/9/2019,120,71,0,191,460,10,33
7/10/2019,120,71,0,191,465,10,33
7/11/2019,120,71,0,191,496,10,33
7/12/2019,120,71,0,191,434,10,32
7/13/2019,120,71,0,191,452,10,31
7/14/2019,120,71,0,191,482,10,31
7/15/2019,120,71,0,191,454,10,31
7/16/2019,120,71,0,191,471,10,33
7/17/2019,120,59,0,179,502,10,38
7/18/2019,120,71,0,191,462,10,32
7/19/2019,120,71,0,191,437,10,30
7/20/2019,120,71,0,191,468,10,31
7/21/2019,120,71,0,191,455,10,30
7/22/2019,120,71,0,191,460,10,31
7/23/2019,120,71,0,191,485,10,32
7/24/2019,120,71,0,191,481,10,32
7/25/2019,120,71,0,191,464,10,31
7/26/2019,108,65,0,173,419,10,31
7/27/2019,120,71,0,191,472,10,32
7/28/2019,120,71,0,191,469,10,32
7/29/2019,120,71,0,191,471,10,31
7/30/2019,120,71,0,191,477,10,32
7/31/2019,108,67,0,175,462,10,32
8/1/2019,120,67,0,187,466,10,32
8/2/2019,120,67,0,187,424,10,30
8/3/2019,108,67,0,175,472,10,31
8/4/2019,120,67,0,187,474,10,32
8/5/2019,120,67,0,187,470,10,32
8/6/2019,120,67,0,187,476,10,31
8/7/2019,120,67,0,187,483,10,31
8/8/2019,120,67,0,187,476,10,30
8/9/2019,120,65,0,185,446,10,32
8/10/2019,120,65,0,185,479,10,32
8/11/2019,120,65,0,185,385,12,31
8/12/2019,120,65,0,185,406,12,31
8/13/2019,120,65,0,185,396,12,31
8/14/2019,108,64,0,172,450,10,32
8/15/2019,120,65,0,185,465,10,33
8/16/2019,120,65,0,185,425,10,34
8/17/2019,120,65,0,185,454,10,31
8/18/2019,120,65,0,185,468,10,30
8/19/2019,120,65,0,185,456,10,30
8/20/2019,120,65,0,185,455,10,30
8/21/2019,120,65,0,185,460,10,32
8/22/2019,120,65,0,185,462,10,32
8/23/2019,120,65,0,185,426,10,31
8/24/2019,120,65,0,185,473,10,32
8/25/2019,120,65,0,185,462,10,32
8/26/2019,120,45,0,165,477,9,32
8/27/2019,120,45,0,165,486,9,32
8/28/2019,120,45,0,165,480,9,31
8/29/2019,120,45,0,165,486,9,31
8/30/2019,120,45,0,165,450,9,31
8/31/2019,120,45,0,165,479,9,31
9/1/2019,120,45,0,165,478,9,31
9/2/2019,120,65,0,185,483,10,31
9/3/2019,120,65,0,185,469,10,30
9/4/2019,120,65,0,185,468,10,30
9/5/2019,120,65,0,185,473,10,30
9/6/2019,120,65,0,185,419,12,29
9/7/2019,120,66,0,186,452,10,29
9/8/2019,120,66,0,186,460,10,29
9/9/2019,120,66,0,186,464,10,30
9/10/2019,120,66,0,186,472,10,30
9/11/2019,120,66,0,186,462,10,30
9/12/2019,120,66,0,186,458,10,31
9/13/2019,120,66,0,186,409,12,30
9/14/2019,120,66,0,186,422,12,29
9/15/2019,120,66,0,186,446,12,29
9/16/2019,120,66,0,186,437,12,30
9/17/2019,120,66,0,186,443,12,30
9/18/2019,120,66,0,186,450,12,31
9/19/2019,120,66,0,186,444,12,31
9/20/2019,120,66,0,186,389,14,29
9/21/2019,120,66,0,186,435,12,29
9/22/2019,120,66,0,186,440,12,29
9/23/2019,120,66,0,186,430,13,29
9/24/2019,120,66,0,186,428,13,29
9/25/2019,120,66,0,186,430,13,29
9/26/2019,120,66,0,186,423,13,30
9/27/2019,120,66,0,186,401,14,30
9/28/2019,120,66,0,186,415,13,29
9/29/2019,120,66,0,186,422,13,29
9/30/2019,120,66,0,186,425,13,29
10/1/2019,120,66,0,186,424,13,28
10/2/2019,120,66,0,186,410,14,28
10/3/2019,120,66,0,186,414,14,28
10/4/2019,120,66,0,186,364,16,28
10/5/2019,120,66,0,186,390,14,27
10/6/2019,120,66,0,186,396,14,28
10/7/2019,120,66,0,186,372,14,28
10/8/2019,120,66,0,186,385,14,30
10/9/2019,120,66,0,186,400,14,30
10/10/2019,120,66,0,186,379,14,29
10/11/2019,120,66,0,186,349,16,29
10/12/2019,120,66,0,186,395,14,29
10/13/2019,120,66,0,186,384,14,30
10/14/2019,120,66,0,186,394,14,30
10/15/2019,108,66,0,174,429,13,29
10/16/2019,120,66,0,186,399,14,29
10/17/2019,120,66,0,186,388,14,28
10/18/2019,120,66,0,186,363,14,28
10/19/2019,120,48,0,168,412,12,28
10/20/2019,120,66,0,186,417,12,28
10/21/2019,120,48,0,168,407,12,28
10/22/2019,120,48,0,168,420,12,28
10/23/2019,120,48,0,168,429,12,27
10/24/2019,120,48,0,168,427,12,26
10/25/2019,120,48,0,168,377,12,25
10/26/2019,120,48,0,168,453,10,25
10/27/2019,120,48,0,168,422,12,25
10/28/2019,120,47,0,167,400,12,25
10/29/2019,120,47,0,167,418,12,25
10/30/2019,120,47,0,167,422,12,26
10/31/2019,120,47,0,167,386,14,26
11/1/2019,120,47,0,167,356,14,26
11/2/2019,120,47,0,167,415,12,26
11/3/2019,120,47,0,167,424,12,27
11/4/2019,120,47,0,167,409,13,27
11/5/2019,120,47,0,167,410,13,28
11/6/2019,120,47,0,167,395,14,28
11/7/2019,120,47,0,167,390,14,28
11/8/2019,120,47,0,167,382,14,29
11/9/2019,120,47,0,167,407,14,29
11/10/2019,120,47,0,167,420,13,29
11/11/2019,120,47,0,167,428,12,30
11/12/2019,120,47,0,167,402,13,30
11/13/2019,108,47,0,155,430,10,30
11/14/2019,120,47,0,167,430,10,31
11/15/2019,120,47,0,167,396,14,29
11/16/2019,120,47,0,167,399,14,26
11/17/2019,120,47,0,167,434,10,25
11/18/2019,120,47,0,167,414,12,25
11/19/2019,120,47,0,167,423,12,25
11/20/2019,120,47,0,167,436,12,24
11/21/2019,120,47,0,167,436,12,23
11/22/2019,120,47,0,167,426,12,23
11/23/2019,120,47,0,167,448,12,23
11/24/2019,115,47,0,162,439,12,24
11/25/2019,120,47,0,167,420,12,25
11/26/2019,120,47,0,167,434,12,25
11/27/2019,120,47,0,167,420,12,22
11/28/2019,120,47,0,167,424,12,22
11/29/2019,120,47,0,167,406,14,23
11/30/2019,120,47,0,167,431,13,25
12/1/2019,120,47,0,167,420,13,26
12/2/2019,120,47,0,167,417,13,24
12/3/2019,120,47,0,167,430,13,22
12/4/2019,120,47,0,167,428,13,22
12/5/2019,120,47,0,167,450,12,21
12/6/2019,120,47,0,167,428,13,20
12/7/2019,120,47,0,167,446,12,19
12/8/2019,120,47,0,167,490,10,18
12/9/2019,120,47,0,167,479,10,18
12/10/2019,120,47,0,167,476,10,20
12/11/2019,120,47,0,167,468,10,20
12/12/2019,120,83,0,203,468,12,19
12/13/2019,120,48,0,168,460,10,19
12/14/2019,120,48,0,168,488,10,18
12/15/2019,120,48,0,168,502,10,18
12/16/2019,120,48,0,168,507,9,18
12/17/2019,120,48,0,168,478,9,19
12/18/2019,120,48,0,168,492,9,19
12/19/2019,120,48,0,168,494,9,20
12/20/2019,120,48,0,168,474,11,21
12/21/2019,120,48,0,168,476,11,22
12/22/2019,120,83,0,203,512,10,20
12/23/2019,120,83,0,203,482,10,20
12/24/2019,120,83,0,203,516,9,18
12/25/2019,120,83,0,203,520,9,17
12/26/2019,120,83,0,203,520,9,17
12/27/2019,120,83,0,203,516,9,17
12/28/2019,120,83,0,203,510,9,16
12/29/2019,120,83,0,203,490,10,16
12/30/2019,120,83,0,203,503,10,16
12/31/2019,120,83,0,203,488,10,16
1/1/2020,120,83,0,203,497,10,17
1/2/2020,120,83,0,203,487,11,16
1/3/2020,120,83,0,203,490,11,15
1/4/2020,120,83,0,203,529,11,15
1/5/2020,120,83,0,203,506,11,16
1/6/2020,120,83,0,203,504,11,16
1/7/2020,120,83,0,203,576,11,16
1/8/2020,120,83,0,203,570,11,15
1/9/2020,120,83,0,203,592,11,16
1/10/2020,120,83,0,203,542,11,16
1/11/2020,120,83,0,203,572,11,16
1/12/2020,120,83,0,203,508,11,17
1/13/2020,120,83,0,203,580,11,17
1/14/2020,120,83,0,203,580,11,18
1/15/2020,120,83,0,203,512,12,21
1/16/2020,120,83,0,203,518,12,20
1/17/2020,120,83,0,203,552,11,16
1/18/2020,120,83,0,203,558,11,17
1/19/2020,120,83,0,203,546,11,16
1/20/2020,120,83,0,203,580,11,16
1/21/2020,120,83,0,203,604,10,13
1/22/2020,120,83,0,203,604,10,13
1/23/2020,120,83,0,203,606,10,12
1/24/2020,108,83,0,191,616,10,13
1/25/2020,120,83,0,203,558,11,14
1/26/2020,120,83,0,203,540,11,15
1/27/2020,120,83,0,203,574,11,17
1/28/2020,120,83,0,203,545,11,18
1/29/2020,108,84,0,192,573,11,18
1/30/2020,120,83,0,203,528,11,18
1/31/2020,120,83,0,203,530,11,17
2/1/2020,120,83,0,203,542,11,17
2/2/2020,120,83,0,203,544,11,18
2/3/2020,108,83,0,191,538,11,17
2/4/2020,120,83,0,203,528,12,18
2/5/2020,120,83,0,203,492,12,18
2/6/2020,120,83,0,203,490,12,18
2/7/2020,120,83,0,203,481,13,16
2/8/2020,120,83,0,203,592,10,14
2/9/2020,120,83,0,203,576,11,11
2/10/2020,120,90,0,210,625,10,10
2/11/2020,120,83,0,203,565,11,14
2/12/2020,120,83,0,203,539,11,18
2/13/2020,120,83,0,203,486,12,18
2/14/2020,120,83,0,203,528,12,20
2/15/2020,120,83,0,203,468,13,20
2/16/2020,120,83,0,203,518,13,18
2/17/2020,120,83,0,203,483,13,17
2/18/2020,120,83,0,203,478,13,18
2/19/2020,120,83,0,203,534,12,16
2/20/2020,120,83,0,203,506,12,16
2/21/2020,120,83,0,203,468,13,18
2/22/2020,120,83,0,203,479,13,16
2/23/2020,120,83,0,203,472,13,16
2/24/2020,120,83,0,203,484,13,16
2/25/2020,120,83,0,203,488,13,16
2/26/2020,120,83,0,203,469,13,18
2/27/2020,120,83,0,203,454,14,19
2/28/2020,120,83,0,203,389,14,22
2/29/2020,120,83,0,203,430,13,15
3/1/2020,120,83,0,203,454,13,16
3/2/2020,120,83,0,203,440,14,17
3/3/2020,120,83,0,203,426,14,17
3/4/2020,120,75,0,195,438,13,26
3/5/2020,120,75,0,195,385,14,24
3/6/2020,120,75,0,195,420,14,17
3/7/2020,120,75,0,195,406,14,18
3/8/2020,120,75,0,195,404,14,20
3/9/2020,120,65,0,185,413,13,26
3/10/2020,120,75,0,195,416,14,18
3/11/2020,120,75,0,195,401,14,19
3/12/2020,120,75,0,195,410,14,25
3/13/2020,120,75,0,195,368,15,18
3/14/2020,120,75,0,195,401,15,17
3/15/2020,120,75,0,195,371,15,19
3/16/2020,120,75,0,195,387,15,22
3/17/2020,120,80,0,200,438,13,17
3/18/2020,120,80,0,200,426,14,15
3/19/2020,120,80,0,200,466,13,15
3/20/2020,120,80,0,200,436,13,14
3/21/2020,120,80,0,200,497,13,14
3/22/2020,120,80,0,200,424,13,17
3/23/2020,120,80,0,200,437,13,23
3/24/2020,120,80,0,200,420,13,18
3/25/2020,120,80,0,200,418,13,18
3/26/2020,120,80,0,200,416,14,22
3/27/2020,120,80,0,200,394,14,21
3/28/2020,120,80,0,200,416,14,18
3/29/2020,120,80,0,200,408,14,19
3/30/2020,108,79,0,187,398,13,23
3/31/2020,108,79,0,187,460,13,18
4/1/2020,120,77,0,197,409,13,18
4/2/2020,120,77,0,197,408,13,18
4/3/2020,120,77,0,197,377,15,21
4/4/2020,120,77,0,197,396,14,26
4/5/2020,120,77,0,197,376,15,29
4/6/2020,120,77,0,197,410,14,20
4/7/2020,120,70,0,190,370,15,18
4/8/2020,120,70,0,190,396,14,18
4/9/2020,120,70,0,190,364,15,19
4/10/2020,120,70,0,190,383,15,17
4/11/2020,120,70,0,190,381,14,17
4/12/2020,120,70,0,190,371,15,19
4/13/2020,120,70,0,190,374,15,20
4/14/2020,120,70,0,190,392,14,20
4/15/2020,120,70,0,190,339,15,21
4/16/2020,120,70,0,190,361,15,25
4/17/2020,120,70,0,190,350,15,19
4/18/2020,120,70,0,190,364,15,21
4/19/2020,120,70,0,190,365,15,22
4/20/2020,120,70,0,190,387,15,22
4/21/2020,120,70,0,190,353,15,22
4/22/2020,120,65,0,185,370,15,29
4/23/2020,120,65,0,185,361,15,20
4/24/2020,120,65,0,185,378,15,25
4/25/2020,120,65,0,185,375,15,19
4/26/2020,120,65,0,185,389,14,20
4/27/2020,120,65,0,185,382,14,21
4/28/2020,120,65,0,185,368,14,21
4/29/2020,120,65,0,185,372,14,20
4/30/2020,120,65,0,185,368,14,21
5/1/2020,120,65,0,185,348,15,24
5/2/2020,120,65,0,185,366,14,21
5/3/2020,120,65,0,185,345,15,23
5/4/2020,120,65,0,185,362,14,21
5/5/2020,120,65,0,185,376,14,21
5/6/2020,120,65,0,185,372,14,20
5/7/2020,120,65,0,185,357,15,23
5/8/2020,120,65,0,185,341,15,25
5/9/2020,120,65,0,185,340,15,22
5/10/2020,120,65,0,185,358,15,22
5/11/2020,120,65,0,185,356,15,23
5/12/2020,120,65,0,185,344,15,25
5/13/2020,120,65,0,185,361,15,26
5/14/2020,120,63,0,183,363,15,25
5/15/2020,120,63,0,183,349,15,27
5/16/2020,120,60,0,180,363,14,33
5/17/2020,120,60,0,180,370,15,30
5/18/2020,120,60,0,180,396,14,32
5/19/2020,120,56,0,176,421,14,35
5/20/2020,120,56,0,176,437,13,35
5/21/2020,120,56,0,176,414,13,32
5/22/2020,120,62,0,182,414,13,27
5/23/2020,120,62,0,182,399,14,23
5/24/2020,120,65,0,185,306,16,23
5/25/2020,120,62,0,182,306,16,22
5/26/2020,120,62,0,182,310,15,24
5/27/2020,120,62,0,182,347,15,24
5/28/2020,120,62,0,182,366,15,23
5/29/2020,120,62,0,182,332,15,22
5/30/2020,120,62,0,182,340,15,22
5/31/2020,120,62,0,182,344,15,23
6/1/2020,120,62,0,182,373,15,24
6/2/2020,120,62,0,182,347,15,26
6/3/2020,120,62,0,182,361,15,26
6/4/2020,120,62,0,182,365,15,27
6/5/2020,120,62,0,182,317,15,27
6/6/2020,120,62,0,182,360,15,28
6/7/2020,120,62,0,182,413,15,30
6/8/2020,120,62,0,182,361,15,28
6/9/2020,120,62,0,182,364,15,28
6/10/2020,120,62,0,182,391,14,30
6/11/2020,120,62,0,182,358,15,28
6/12/2020,120,62,0,182,332,15,29
6/13/2020,120,62,0,182,386,14,29
6/14/2020,120,62,0,182,386,14,30
6/15/2020,120,62,0,182,368,15,28
6/16/2020,120,62,0,182,391,14,27
6/17/2020,120,62,0,182,409,14,30
6/18/2020,120,62,0,182,401,14,25
6/19/2020,120,62,0,182,344,15,25
6/20/2020,120,60,0,180,374,14,26
6/21/2020,120,60,0,180,403,14,33
6/22/2020,120,62,0,182,419,14,27
6/23/2020,120,65,0,185,393,14,27
6/24/2020,120,65,0,185,400,14,27
6/25/2020,120,65,0,185,395,14,26
6/26/2020,120,65,0,185,328,15,27
6/27/2020,120,63,0,183,397,14,28
6/28/2020,120,63,0,183,399,14,28
6/29/2020,120,67,0,187,374,15,27
6/30/2020,120,63,0,183,413,13,27
7/1/2020,120,62,0,182,419,13,28
7/2/2020,120,60,0,180,388,13,29
7/3/2020,120,60,0,180,350,14,29
7/4/2020,120,60,0,180,418,12,29
7/5/2020,120,60,0,180,435,12,29
7/6/2020,120,60,0,180,418,12,28
7/7/2020,120,60,0,180,463,10,29
7/8/2020,120,60,0,180,426,11,28
7/9/2020,120,60,0,180,426,11,28
7/10/2020,120,60,0,180,374,13,28
7/11/2020,120,60,0,180,386,12,29
7/12/2020,120,62,0,182,420,11,28
7/13/2020,120,60,0,180,426,11,28
7/14/2020,120,62,0,182,440,11,29
7/15/2020,120,62,0,182,430,11,29
7/16/2020,120,62,0,182,418,11,28
7/17/2020,120,62,0,182,368,12,28
7/18/2020,120,62,0,182,426,11,28
7/19/2020,120,62,0,182,425,11,29
7/20/2020,120,60,0,180,430,11,29
7/21/2020,120,60,0,180,435,11,30
7/22/2020,120,60,0,180,435,11,30
7/23/2020,120,60,0,180,437,11,29
7/24/2020,120,58,0,178,366,11,30
7/25/2020,120,57,0,177,435,10,30
7/26/2020,120,57,0,177,448,10,31
7/27/2020,120,57,0,177,454,10,31
7/28/2020,120,59,0,179,447,10,30
7/29/2020,120,59,0,179,453,10,31
7/30/2020,120,59,0,179,442,10,32
7/31/2020,120,59,0,179,390,10,30
8/1/2020,120,57,0,177,369,12,30
8/2/2020,120,60,0,180,372,12,30
8/3/2020,120,60,0,180,407,11,30
8/4/2020,120,60,0,180,438,10,30
8/5/2020,120,63,0,183,436,10,29
8/6/2020,120,63,0,183,433,10,29
8/7/2020,120,63,0,183,376,10,30
8/8/2020,120,64,0,184,433,10,30
8/9/2020,120,64,0,184,437,10,29
8/10/2020,120,44,0,164,479,9,29
8/11/2020,120,41,0,161,459,9,29
8/12/2020,120,60,0,180,454,10,29
8/13/2020,120,60,0,180,426,10,30
8/14/2020,120,60,0,180,384,11,30
8/15/2020,120,64,0,184,442,10,30
8/16/2020,120,65,0,185,441,10,31
8/17/2020,120,63,0,183,438,10,31
8/18/2020,120,0,0,120,557,6,30
8/19/2020,120,0,0,120,599,6,29
8/20/2020,120,0,0,120,614,6,29
8/21/2020,120,0,0,120,582,6,29
8/22/2020,120,0,0,120,620,6,29
8/23/2020,120,0,0,120,565,6,30
8/24/2020,120,0,0,120,542,6,30
8/25/2020,120,0,0,120,601,6,30
8/26/2020,120,0,0,120,556,6,30
8/27/2020,120,0,0,120,563,6,31
8/28/2020,120,0,0,120,530,6,32
8/29/2020,120,0,0,120,576,6,35
8/30/2020,120,0,0,120,612,6,36
8/31/2020,120,0,0,120,594,6,35
9/1/2020,120,65,0,185,450,11,35
9/2/2020,120,65,0,185,419,11,35
9/3/2020,120,65,0,185,438,11,36
9/4/2020,120,65,0,185,407,11,38
9/5/2020,120,65,0,185,451,11,37
9/6/2020,120,65,0,185,435,11,35
9/7/2020,120,65,0,185,444,11,35
9/8/2020,120,65,0,185,441,11,35
9/9/2020,120,65,0,185,468,11,36
9/10/2020,120,65,0,185,462,11,35
9/11/2020,120,65,0,185,418,11,34
9/12/2020,120,65,0,185,469,11,34
9/13/2020,120,65,0,185,456,11,34
9/14/2020,120,65,0,185,456,11,34
9/15/2020,120,65,0,185,456,11,33
9/16/2020,120,65,0,185,455,11,34
9/17/2020,120,65,0,185,457,11,33
9/18/2020,120,65,0,185,415,11,33
9/19/2020,120,65,0,185,460,11,31
9/20/2020,120,65,0,185,462,11,31
9/21/2020,120,68,0,188,463,11,30
9/22/2020,120,68,0,188,437,11,30
9/23/2020,120,68,0,188,432,11,30
9/24/2020,120,68,0,188,426,11,30
9/25/2020,120,68,0,188,367,11,29
9/26/2020,120,68,0,188,430,11,29
9/27/2020,120,68,0,188,412,12,31
9/28/2020,120,68,0,188,432,12,32
9/29/2020,120,68,0,188,435,12,32
9/30/2020,120,68,0,188,446,12,31
10/1/2020,120,68,0,188,432,13,30
10/2/2020,120,68,0,188,352,13,29
10/3/2020,120,68,0,188,399,13,29
10/4/2020,120,68,0,188,402,13,29
10/5/2020,120,68,0,188,396,13,30
10/6/2020,120,68,0,188,398,13,32
10/7/2020,120,68,0,188,402,13,34
10/8/2020,120,68,0,188,427,13,35
10/9/2020,120,68,0,188,389,13,35
10/10/2020,120,68,0,188,429,13,34
10/11/2020,120,68,0,188,432,13,31
10/12/2020,120,68,0,188,410,13,29
10/13/2020,108,69,0,177,396,13,29
10/14/2020,120,68,0,188,392,13,29
10/15/2020,120,68,0,188,433,13,28
10/16/2020,120,68,0,188,341,13,29
10/17/2020,120,68,0,188,375,13,29
10/18/2020,120,68,0,188,400,13,30
10/19/2020,120,68,0,188,411,13,30
10/20/2020,120,68,0,188,415,13,29
10/21/2020,120,68,0,188,432,13,29
10/22/2020,120,68,0,188,410,13,29
10/23/2020,120,68,0,188,370,13,28
10/24/2020,120,68,0,188,423,13,28
10/25/2020,120,68,0,188,433,13,29
10/26/2020,120,68,0,188,446,13,31
10/27/2020,120,68,0,188,420,13,30
10/28/2020,120,64,0,184,414,13,30
10/29/2020,120,64,0,184,415,13,29
10/30/2020,120,64,0,184,368,13,29
10/31/2020,120,64,0,184,402,13,29
11/1/2020,120,64,0,184,391,13,28
11/2/2020,120,64,0,184,418,13,26
11/3/2020,120,64,0,184,368,13,25
11/4/2020,120,68,0,188,379,14,24
11/5/2020,120,68,0,188,377,14,24
11/6/2020,120,68,0,188,327,15,23
11/7/2020,120,68,0,188,359,14,24
11/8/2020,120,68,0,188,377,14,25
11/9/2020,96,68,0,164,376,14,25
11/10/2020,96,68,0,164,399,14,26
11/11/2020,96,68,0,164,414,14,25
11/12/2020,120,68,0,188,345,14,24
11/13/2020,120,68,0,188,328,15,26
11/14/2020,120,68,0,188,341,15,26
11/15/2020,120,68,0,188,340,15,24
11/16/2020,120,68,0,188,354,14,23
11/17/2020,120,68,0,188,339,15,23
11/18/2020,108,68,0,176,353,14,25
11/19/2020,120,73,0,193,344,14,24
11/20/2020,120,73,0,193,352,14,22
11/21/2020,120,73,0,193,351,14,21
11/22/2020,120,73,0,193,347,14,22
11/23/2020,120,73,0,193,384,14,22
11/24/2020,120,73,0,193,412,14,22
11/25/2020,120,73,0,193,395,14,23
11/26/2020,120,73,0,193,446,14,20
11/27/2020,120,73,0,193,379,14,22
11/28/2020,120,73,0,193,426,14,21
11/29/2020,120,73,0,193,386,15,21
11/30/2020,120,73,0,193,394,15,21
12/1/2020,120,73,0,193,388,14,21
12/2/2020,120,73,0,193,403,14,22
12/3/2020,120,73,0,193,383,14,21
12/4/2020,120,73,0,193,373,15,22
12/5/2020,120,73,0,193,411,14,20
12/6/2020,120,73,0,193,433,14,19
12/7/2020,120,73,0,193,458,14,22
12/8/2020,120,73,0,193,426,14,20
12/9/2020,120,73,0,193,398,14,22
12/10/2020,120,77,0,197,423,14,22
12/11/2020,120,77,0,197,400,14,25
12/12/2020,120,77,0,197,451,14,23
12/13/2020,120,77,0,197,422,14,25
12/14/2020,120,77,0,197,445,14,22
12/15/2020,120,77,0,197,458,14,19
12/16/2020,120,77,0,197,525,14,18
12/17/2020,120,77,0,197,511,14,16
12/18/2020,120,77,0,197,425,14,17
12/19/2020,129,90.6,0,210.6,374,15,19
12/20/2020,120,77,0,197,391,14,20
12/21/2020,120,77,0,197,403,14,20
12/22/2020,120,77,0,197,456,14,18
12/23/2020,120,77,0,197,466,14,17
12/24/2020,120,77,0,197,430,14,18
12/25/2020,120,77,0,197,414,14,19
12/26/2020,120,77,0,197,431,14,19
12/27/2020,120,77,0,197,416,14,19
12/28/2020,108,71.5,0,179,415,14,19
12/29/2020,120,77,0,197,466,14,20
12/30/2020,120,77,0,197,423,14,22
12/31/2020,120,77,0,197,419,14,22
1/1/2021,120,77,0,197,434,14,22
1/2/2021,120,77,0,197,423,14,22
1/3/2021,120,52.2,0,172.2,461,14,22
1/4/2021,120,77,0,197,436,14,23
1/5/2021,120,77,0,197,442,14,21
1/6/2021,120,77,0,197,450.6,14,20
1/7/2021,120,77,0,197,456.6,14,23
1/8/2021,120,77,0,197,388,15,23
1/9/2021,120,77,0,197,427.8,14,22
1/10/2021,120,77,0,197,425.6,14,23
1/11/2021,120,77,0,197,416.8,14,24
1/12/2021,120,77,0,197,424.4,14,27
1/13/2021,120,77,0,197,466,14,25
1/14/2021,120,77,0,197,418.8,14,19
1/15/2021,120,77,0,197,444.2,14,17
1/16/2021,120,77,0,197,456.4,14,19
1/17/2021,120,77,0,197,495.4,14,17
1/18/2021,120,77,0,197,492,14,15
1/19/2021,108,77,0,185,536,13,17
1/20/2021,120,77,0,197,525.8,13,12
1/21/2021,120,77,0,197,512.6,13,15
1/22/2021,120,77,0,197,461.6,14,16
1/23/2021,120,77,0,197,498,14,17
1/24/2021,120,77,0,197,474.8,14,17
1/25/2021,120,77,0,197,477.2,14,18
1/26/2021,120,77,0,197,482,14,19
1/27/2021,120,77,0,197,475.8,14,21
1/28/2021,120,77,0,197,470.2,14,15
1/29/2021,120,77,0,197,547.4,14,13
1/30/2021,120,77,0,197,473,14,17
1/31/2021,120,77,0,197,465.2,14,19
2/1/2021,120,77,0,197,416.6,14,23
2/2/2021,120,77,0,197,447,14,26
2/3/2021,120,77,0,197,401,14,26
2/4/2021,120,77,0,197,454.8,14,19
2/5/2021,120,77,0,197,443,14,18
2/6/2021,120,77,0,197,433,14,17
2/7/2021,120,77,0,197,402,14,20
2/8/2021,120,77,0,197,422.4,14,27
2/9/2021,120,77,0,197,381,14,25
2/10/2021,120,77,0,197,389.6,15,21
2/11/2021,120,77,0,197,409.8,14,20
2/12/2021,120,77,0,197,382.6,15,18
2/13/2021,120,77,0,197,399.6,15,19
2/14/2021,120,77,0,197,422.4,14,19
2/15/2021,120,77,0,197,408.8,14,18
2/16/2021,120,77,0,197,472.6,14,16
2/17/2021,120,77,0,197,515.6,12,11
2/18/2021,120,77,0,197,520,11,12
2/19/2021,120,77,0,197,553.4,11,14
2/20/2021,120,77,0,197,544.2,11,15
2/21/2021,120,77,0,197,466.4,12,15
2/22/2021,120,77,0,197,473.8,13,18
2/23/2021,120,77,0,197,497.8,12,17
2/24/2021,120,77,0,197,440.6,13,18
2/25/2021,120,77,0,197,405.4,14,18
2/26/2021,120,77,0,197,410.4,14,20
2/27/2021,120,77,0,197,409,13,21
2/28/2021,108,77,0,185,438.6,13,18
3/1/2021,108,77,0,185,447,12,17
3/2/2021,108,77,0,185,435.8,13,17
3/3/2021,108,77,0,185,424,13,15
3/4/2021,108,77,0,185,457,13,14
3/5/2021,108,77,0,185,387.6,13,18
3/6/2021,108,77,0,185,418.4,13,20
3/7/2021,108,77,0,185,417.4,13,19
3/8/2021,108,77,0,185,413.2,13,19
3/9/2021,108,77,0,185,406,13,25
3/10/2021,108,77,0,185,423.2,13,33
3/11/2021,108,77,0,185,403,14,19
3/12/2021,108,77,0,185,393.8,13,17
3/13/2021,108,77,0,185,405.4,13,18
3/14/2021,108,77,0,185,396.2,13,19
3/15/2021,108,77,0,185,414,14,20
3/16/2021,108,77,0,185,412.2,14,20
3/17/2021,120,77,0,197,378,15,20
3/18/2021,120,77,0,197,387,15,18
3/19/2021,120,77,0,197,346.2,16,19
3/20/2021,120,77,0,197,367.2,15,24
3/21/2021,120,77,0,197,354,16,29
3/22/2021,108,70,0,178,412.2,13,30
3/23/2021,108,70,0,178,398.6,14,30
3/24/2021,108,77,0,185,397.4,14,19
3/25/2021,120,77,0,197,370.8,15,18
3/26/2021,120,77,0,197,395,15,14
3/27/2021,120,77,0,197,366.6,15,16
3/28/2021,120,77,0,197,396.2,14,18
3/29/2021,120,77,0,197,381.6,15,18
3/30/2021,120,77,0,197,390.4,14,18
3/31/2021,120,77,0,197,376.2,15,18
4/1/2021,120,77,0,197,396.4,15,19
4/2/2021,120,77,0,197,363.2,15,16
4/3/2021,120,77,0,197,387.2,15,19
4/4/2021,120,77,0,197,357.6,15,21
4/5/2021,120,77,0,197,357.6,15,26
4/6/2021,120,77,0,197,350.8,15,33
4/7/2021,120,77,0,197,344,15,28
4/8/2021,120,77,0,197,350,16,22
4/9/2021,120,77,0,197,330.6,16,20
4/10/2021,120,77,0,197,398.6,15,15
4/11/2021,120,77,0,197,362.4,15,17
4/12/2021,120,77,0,197,389,14,18
4/13/2021,120,77,0,197,350.4,16,20
4/14/2021,120,77,0,197,337,16,22
4/15/2021,120,77,0,197,352.6,15,25
4/16/2021,120,77,0,197,336,16,26
4/17/2021,120,77,0,197,335.6,15,28
4/18/2021,120,70,0,190,317.8,15,38
4/19/2021,120,70,0,190,341.2,15,41
4/20/2021,120,70,0,190,330.2,16,24
4/21/2021,120,50,0,170,327,14,22
4/22/2021,120,70,0,190,341.2,16,22
4/23/2021,120,70,0,190,314.6,17,23
4/24/2021,120,70,0,190,329.4,16,24
4/25/2021,120,70,0,190,316.2,16,29
4/26/2021,120,70,0,190,337,15,20
4/27/2021,120,70,0,190,318.4,16,22
4/28/2021,120,70,0,190,316.4,16,25
4/29/2021,120,70,0,190,328,16,29
4/30/2021,120,70,0,190,306.4,17,31
5/1/2021,120,70,0,190,311.6,17,30
5/2/2021,120,70,0,190,310,17,29
5/3/2021,120,70,0,190,322.6,17,31
5/4/2021,120,70,0,190,317,16,31
5/5/2021,120,70,0,190,323.8,15,32
5/6/2021,120,70,0,190,315,15,30
5/7/2021,120,70,0,190,314,16,29
5/8/2021,120,70,0,190,319,16,32
5/9/2021,120,60,0,180,376,13,37
5/10/2021,120,70,0,190,359.8,15,28
5/11/2021,96,54,0,150,363.6,12,26
5/12/2021,84,50,0,134,411.2,9,27
5/13/2021,84,50,0,134,354,9,25
5/14/2021,72,50,0,122,338.8,9,26
5/15/2021,60,45,0,105,369.6,7,26
5/16/2021,60,45,0,105,398.2,7,30
5/17/2021,60,45,0,105,423.4,7,26
5/18/2021,60,45,0,105,484,6,26
5/19/2021,48,45,0,93,436,5,26
5/20/2021,48,45,0,93,504.3,5,28
5/21/2021,60,45,0,105,540.7,4,27
5/22/2021,48,45,0,93,570.2,4,24
5/23/2021,60,45,0,105,570.5,4,25
5/24/2021,60,45,0,105,580.2,4,27
5/25/2021,72,45,0,117,578.9,5,29
5/26/2021,72,45,0,117,518.5,6,30
5/27/2021,72,45,0,117,564,5,30
5/28/2021,72,45,0,117,547.7,5,29
5/29/2021,72,45,0,117,576,6,27
5/30/2021,84,45,0,129,582.5,7,30
5/31/2021,120,45,0,165,468.8,10,39
6/1/2021,120,45,0,165,408,11,29
6/2/2021,120,45,0,165,420.6,11,26
6/3/2021,120,45,0,165,414.4,12,26
6/4/2021,120,45,0,165,361,13,25
6/5/2021,120,45,0,165,401,13,26
6/6/2021,120,45,0,165,399.6,12,27
6/7/2021,120,45,0,165,386.8,12,26
6/8/2021,120,45,0,165,396.8,12,26
6/9/2021,108,45,0,153,421,11,32
6/10/2021,108,45,0,153,411.8,10,30
6/11/2021,108,45,0,153,370.2,11,30
6/12/2021,108,45,0,153,413,10,32
6/13/2021,108,45,0,153,421.2,10,30
6/14/2021,120,45,0,165,409.6,11,27
6/15/2021,120,45,0,165,404,11,27
6/16/2021,120,45,0,165,409.2,11,27
6/17/2021,120,45,0,165,389.4,12,27
6/18/2021,120,45,0,165,342,13,27
6/19/2021,120,45,0,165,395.4,12,28
6/20/2021,120,45,0,165,396.2,12,28
6/21/2021,120,45,0,165,413.6,11,30
6/22/2021,120,45,0,165,413.6,11,30
6/23/2021,120,45,0,165,403.8,11,29
6/24/2021,120,45,0,165,409,11,30
6/25/2021,120,45,0,165,368,12,32
6/26/2021,120,45,0,165,410,11,30
6/27/2021,120,45,0,165,430.8,11,33
6/28/2021,120,65,0,185,428.2,11,34
6/29/2021,120,65,0,185,415.8,12,33
6/30/2021,120,65,0,185,421,12,33
7/1/2021,120,65,0,185,425.2,12,33
7/2/2021,120,65,0,185,374.4,13,33
7/3/2021,120,65,0,185,424.4,12,33
7/4/2021,120,65,0,185,430.6,12,30
7/5/2021,120,65,0,185,413.8,12,30
7/6/2021,120,65,0,185,412,12,29
7/7/2021,120,65,0,185,411,12,30
7/8/2021,108,65,0,173,437.6,11,31
7/9/2021,120,65,0,185,370.6,13,32
7/10/2021,120,65,0,185,420.6,12,31
7/11/2021,120,65,0,185,419.8,12,31
7/12/2021,120,65,0,185,439.8,12,32
7/13/2021,120,65,0,185,444,12,31
7/14/2021,120,65,0,185,431.6,12,30
7/15/2021,120,65,0,185,441,12,31
7/16/2021,120,65,0,185,396.2,13,31
7/17/2021,120,65,0,185,424.2,12,32
7/18/2021,120,90,0,210,442.2,12,33
7/19/2021,120,90,0,210,420.4,13,31
7/20/2021,120,90,0,210,367.6,15,32
7/21/2021,120,90,0,210,360.6,15,32
7/22/2021,120,90,0,210,361.4,15,31
7/23/2021,120,90,0,210,354.2,15,31
7/24/2021,120,90,0,210,406.6,14,30
7/25/2021,120,80,0,200,424,13,32
7/26/2021,120,90,0,210,425.8,13,31
7/27/2021,120,90,0,210,438.6,13,31
7/28/2021,120,90,0,210,428,13,32
7/29/2021,120,90,0,210,433.4,13,32
7/30/2021,108,90,0,198,376.2,14,31
7/31/2021,120,70,0,190,426.6,12,34
8/1/2021,120,90,0,210,448.6,13,34
8/2/2021,108,90,0,198,437.2,12,35
8/3/2021,120,88,0,208,410,14,36
8/4/2021,120,88,0,208,429.8,13,37
8/5/2021,120,88,0,208,452.2,13,37
8/6/2021,120,88,0,208,387.4,14,37
8/7/2021,120,88,0,208,435.9,13,36
8/8/2021,120,88,0,208,450,12,32
8/9/2021,120,88,0,208,447.6,13,32
8/10/2021,120,88,0,208,432.6,13,32
8/11/2021,120,88,0,208,442,13,32
8/12/2021,120,88,0,208,432,13,33
8/13/2021,120,88,0,208,388.1,14,35
8/14/2021,120,88,0,208,426.6,13,32
8/15/2021,120,88,0,208,443.4,13,32
8/16/2021,120,88,0,208,440.4,13,32
8/17/2021,120,88,0,208,432.2,13,31
8/18/2021,120,88,0,208,421.2,13,31
8/19/2021,120,88,0,208,416.2,13,31
8/20/2021,120,88,0,208,366.2,14,31
8/21/2021,120,88,0,208,435.8,13,32
8/22/2021,120,88,0,208,445,13,32
8/23/2021,120,88,0,208,419,13,31
8/24/2021,120,88,0,208,426.2,13,31
8/25/2021,120,88,0,208,424.2,13,31
8/26/2021,120,88,0,208,426.8,13,33
8/27/2021,120,88,0,208,389.8,14,33
8/28/2021,120,88,0,208,431.2,13,33
8/29/2021,120,88,0,208,444,13,32
8/30/2021,120,88,0,208,440.6,13,32
8/31/2021,120,88,0,208,431,13,31
9/1/2021,120,88,0,208,430.8,13,30
9/2/2021,120,88,0,208,404.8,13,30
9/3/2021,120,88,0,208,359,14,30
9/4/2021,120,88,0,208,417.4,14,31
9/5/2021,120,88,0,208,411.6,13,31
9/6/2021,108,88,0,196,425,13,30
9/7/2021,120,88,0,208,418.2,13,31
9/8/2021,120,88,0,208,414,14,32
9/9/2021,120,88,0,208,411.4,14,35
9/10/2021,120,88,0,208,368.2,14,30
9/11/2021,120,88,0,208,393.4,15,29
9/12/2021,120,88,0,208,393.4,15,29
9/13/2021,120,88,0,208,395.2,15,34
9/14/2021,120,88,0,208,409.4,14,30
9/15/2021,120,88,0,208,398,14,30
9/16/2021,120,88,0,208,378.6,15,29
9/17/2021,120,88,0,208,319.4,16,29
9/18/2021,120,88,0,208,366.6,16,30
9/19/2021,120,88,0,208,378.8,15,30
9/20/2021,120,62,0,182,403.2,13,31
9/21/2021,120,62,0,182,421.2,12,32
9/22/2021,120,62,0,182,407,12,31
9/23/2021,120,62,0,182,396.6,13,29
9/24/2021,120,62,0,182,340.8,14,27
9/25/2021,120,62,0,182,355.2,15,29
9/26/2021,120,62,0,182,375.6,14,30
9/27/2021,120,62,0,182,386.8,14,28
9/28/2021,120,62,0,182,385.4,14,28
9/29/2021,120,62,0,182,373.6,14,29
9/30/2021,120,62,0,182,372.8,14,28
10/1/2021,120,62,0,182,330.2,16,29
10/2/2021,120,62,0,182,368.6,14,29
10/3/2021,120,62,0,182,380.4,14,28
10/4/2021,120,62,0,182,368,15,28
10/5/2021,120,62,0,182,362.6,14,28
10/6/2021,120,62,0,182,360.6,15,27
10/7/2021,120,62,0,182,347.8,15,29
10/8/2021,120,62,0,182,332.4,16,30
10/9/2021,120,62,0,182,368.4,15,30
10/10/2021,120,62,0,182,374.8,15,30
10/11/2021,120,62,0,182,364.6,15,30
10/12/2021,120,62,0,182,392.8,14,28
10/13/2021,120,62,0,182,378.6,14,30
10/14/2021,120,68,0,188,379.4,14,30
10/15/2021,120,68,0,188,327.2,16,30
10/16/2021,120,68,0,188,366.4,15,31
10/17/2021,120,68,0,188,356.6,15,28
10/18/2021,120,68,0,188,353.4,15,27
10/19/2021,120,68,0,188,351.4,15,26
10/20/2021,120,68,0,188,354,15,27
10/21/2021,120,68,0,188,352,15,26
10/22/2021,120,68,0,188,306.2,16,26
10/23/2021,120,68,0,188,341,16,26
10/24/2021,120,68,0,188,338.4,16,23
10/25/2021,120,68,0,188,347.6,15,25
10/26/2021,120,68,0,188,342.6,15,26
10/27/2021,120,68,0,188,347.6,15,26
10/28/2021,120,68,0,188,348.8,15,31
10/29/2021,120,68,0,188,324.8,16,31
10/30/2021,120,68,0,188,372.8,15,27
10/31/2021,120,68,0,188,377.8,15,32
11/1/2021,120,68,0,188,399.6,14,29
11/2/2021,120,68,0,188,354.6,15,26
11/3/2021,120,68,0,188,362.8,15,26
11/4/2021,120,68,0,188,355.2,15,26
11/5/2021,120,68,0,188,330.6,16,28
11/6/2021,120,68,0,188,352.2,15,30
11/7/2021,120,45,0,165,375.6,13,30
11/8/2021,120,45,0,165,388.6,13,31
11/9/2021,120,68,0,188,388,14,31
11/10/2021,120,68,0,188,378.8,15,25
11/11/2021,120,68,0,188,375,15,23
11/12/2021,120,70,0,190,343.4,16,26
11/13/2021,120,70,0,190,380.6,15,31
11/14/2021,120,70,0,190,366.2,15,31
11/15/2021,120,70,0,190,364,16,24
11/16/2021,120,70,0,190,380,15,24
11/17/2021,120,70,0,190,381.4,16,25
11/18/2021,120,70,0,190,381,15,24
11/19/2021,120,62,0,182,344.8,15,20
11/20/2021,120,68,0,188,390.6,15,19
11/21/2021,120,68,0,188,412.4,14,22
11/22/2021,120,72,0,192,374,15,23
11/23/2021,120,72,0,192,371.8,15,23
11/24/2021,120,72,0,192,373.2,15,23
11/25/2021,120,72,0,192,373.8,15,23
11/26/2021,120,72,0,192,337.4,17,23
11/27/2021,120,72,0,192,350.2,16,25
11/28/2021,120,72,0,192,354.2,16,28
11/29/2021,120,70,0,190,372.6,15,32
11/30/2021,120,68,0,188,371.2,15,30
12/1/2021,120,72,0,192,405.8,15,19
12/2/2021,120,72,0,192,360.8,16,20
12/3/2021,120,72,0,192,360.8,16,21
12/4/2021,120,58,0,178,396.6,14,24
12/5/2021,120,55,0,175,447.6,11,20
12/6/2021,120,72,0,192,407.8,13,23
12/7/2021,120,72,0,192,449.4,13,20
12/8/2021,120,72,0,192,453.2,13,19
12/9/2021,120,72,0,192,423.4,13,19
12/10/2021,120,72,0,192,399.6,14,25
12/11/2021,120,72,0,192,404.2,14,25
12/12/2021,120,72,0,192,401.4,14,26
12/13/2021,120,72,0,192,421.6,14,23
12/14/2021,120,72,0,192,429.2,14,22
12/15/2021,120,72,0,192,404.8,14,18
12/16/2021,120,72,0,192,403.2,14,17
12/17/2021,120,78,0,198,453,13,17
12/18/2021,120,78,0,198,441.6,13,17
12/19/2021,120,78,0,198,458.2,12,18
12/20/2021,120,78,0,198,543.4,12,13
12/21/2021,120,78,0,198,521.8,11,15
12/22/2021,120,78,0,198,503,12,17
12/23/2021,120,80,0,200,533,12,16
12/24/2021,120,80,0,200,497.4,12,14
12/25/2021,120,80,0,200,483.2,12,16
12/26/2021,120,80,0,200,439.8,13,17
12/27/2021,120,80,0,200,493,12,16
12/28/2021,120,80,0,200,482,12,18
12/29/2021,120,80,0,200,501,12,18
12/30/2021,120,80,0,200,472,12,20
12/31/2021,120,80,0,200,458.6,13,21
1/1/2022,120,80,0,200,476.8,12,18
1/2/2022,120,80,0,200,455.6,12,19
1/3/2022,120,80,0,200,472.2,12,19
1/4/2022,120,80,0,200,495.8,12,18
1/5/2022,120,80,0,200,506,12,18
1/6/2022,120,80,0,200,459,12,21
1/7/2022,120,80,0,200,436,13,20
1/8/2022,120,80,0,200,454,13,21
1/9/2022,120,80,0,200,474,12,22
1/10/2022,120,80,0,200,494,12,18
1/11/2022,120,80,0,200,479,12,20
1/12/2022,120,80,0,200,486,12,22
1/13/2022,120,80,0,200,468,12,19
1/14/2022,120,80,0,200,534,12,15
1/15/2022,120,80,0,200,588,12,13
1/16/2022,120,70,0,190,619,10,13
1/17/2022,120,80,0,200,576,11,13
1/18/2022,120,80,0,200,553,11,12
1/19/2022,120,80,0,200,649.82,10,15
1/20/2022,120,80,0,200,613.4,10,14
1/21/2022,120,80,0,200,544.22,12,16
1/22/2022,120,80,0,200,558.02,12,16
1/23/2022,120,85,0,205,613,11,16
1/24/2022,120,90,0,210,633.14,10,11
1/25/2022,120,90,0,210,565.04,11,15
1/26/2022,120,90,0,210,664.54,10,14
1/27/2022,120,90,0,210,668.98,10,15
1/28/2022,120,90,0,210,645.04,10,12
1/29/2022,120,90,0,210,594.08,11,15
1/30/2022,120,90,0,210,562.96,11,17
1/31/2022,120,90,0,210,568.6,11,17
2/1/2022,120,85,0,205,558.5,11,18
2/2/2022,120,85,0,205,527,11,21
2/3/2022,120,85,0,205,501.1,12,21
2/4/2022,120,85,0,205,538.96,11,16
2/5/2022,120,85,0,205,569.84,11,16
2/6/2022,120,85,0,205,502.58,12,17
2/7/2022,120,85,0,205,508.38,12,19
2/8/2022,120,85,0,205,458.16,12,21
2/9/2022,120,85,0,205,523.26,12,18
2/10/2022,120,85,0,205,578.12,11,15
2/11/2022,120,85,0,205,510.92,11,17
2/12/2022,120,85,0,205,458.9,12,18
2/13/2022,120,85,0,205,487.8,12,20
2/14/2022,120,85,0,205,458.96,12,18
2/15/2022,120,85,0,205,470.58,12,18
2/16/2022,120,84,0,204,442.42,12,18
2/17/2022,120,85,0,205,476.52,12,18
2/18/2022,120,85,0,205,461.12,12,19
2/19/2022,120,85,0,205,503.92,11,16
2/20/2022,120,85,0,205,483.52,12,17
2/21/2022,120,85,0,205,449.58,12,19
2/22/2022,120,85,0,205,427.18,13,21
2/23/2022,120,85,0,205,409.08,13,27
2/24/2022,120,85,0,205,394.98,13,18
2/25/2022,120,85,0,205,463.92,12,15
2/26/2022,120,85,0,205,472.22,12,16
2/27/2022,120,85,0,205,454.3,12,19
2/28/2022,120,85,0,205,408.5,13,20
3/1/2022,96,75,0,171,450.84,12,20
3/2/2022,96,75,0,171,463.22,12,23
3/3/2022,108,85,0,193,458.38,12,17
3/4/2022,120,85,0,205,453.54,12,17
3/5/2022,120,85,0,205,415.78,13,19
3/6/2022,120,85,0,205,431.16,13,26
3/7/2022,120,80,0,200,407.24,13,20
3/8/2022,120,80,0,200,397.96,13,20
3/9/2022,120,80,0,200,421.32,13,19
3/10/2022,120,80,0,200,413.48,13,18
3/11/2022,120,80,0,200,480.68,12,15
3/12/2022,120,80,0,200,529.08,11,14
3/13/2022,120,80,0,200,528.28,11,14
3/14/2022,120,80,0,200,509.84,11,14
3/15/2022,120,80,0,200,553.62,11,13
3/16/2022,120,80,0,200,518.14,11,15
3/17/2022,120,80,0,200,513.64,11,16
3/18/2022,108,80,0,188,481.76,12,17
3/19/2022,120,80,0,200,475.24,12,17
3/20/2022,110,85,0,195,494.64,12,15
3/21/2022,120,85,0,205,531.6,11,15
3/22/2022,120,85,0,205,465.6,12,16
3/23/2022,120,85,0,205,481.16,12,16
3/24/2022,120,85,0,205,486.04,12,16
3/25/2022,120,85,0,205,509.56,11,16
3/26/2022,120,85,0,205,447.98,12,18
3/27/2022,120,85,0,205,440.16,12,18
3/28/2022,120,80,0,200,424.3,12,20
3/29/2022,120,80,0,200,394.78,13,25
3/30/2022,120,80,0,200,403.18,13,21
3/31/2022,120,80,0,200,385.06,13,22
4/1/2022,120,80,0,200,401.1,13,28
4/2/2022,120,80,0,200,392.42,13,29
4/3/2022,120,80,0,200,368.88,14,25
4/4/2022,120,80,0,200,384.34,14,26
4/5/2022,120,80,0,200,365.34,14,32
4/6/2022,120,80,0,200,347.28,14,34
4/7/2022,120,80,0,200,339.6,15,29
4/8/2022,120,80,0,200,365.44,14,26
4/9/2022,120,80,0,200,342.72,15,22
4/10/2022,120,80,0,200,359.74,14,23
4/11/2022,120,80,0,200,349.92,14,22
4/12/2022,120,80,0,200,359.08,14,20
4/13/2022,120,80,0,200,347.18,14,20
4/14/2022,120,80,0,200,350.14,14,21
4/15/2022,120,75,0,195,350.6,14,22
4/16/2022,120,75,0,195,367.76,14,23
4/17/2022,120,75,0,195,368.5,14,36
4/18/2022,120,75,0,195,378.84,14,31
4/19/2022,120,75,0,195,336.5,14,23
4/20/2022,120,75,0,195,364.2,14,21
4/21/2022,120,75,0,195,335.12,15,21
4/22/2022,120,75,0,195,353.24,14,22
4/23/2022,120,75,0,195,338.52,15,23
4/24/2022,120,75,0,195,362.46,14,24
4/25/2022,120,75,0,195,349.66,14,25
4/26/2022,120,75,0,195,353.26,14,25
4/27/2022,120,75,0,195,354.84,14,25
4/28/2022,120,75,0,195,330.62,14,25
4/29/2022,120,75,0,195,340.6,14,32
4/30/2022,120,75,0,195,364.6,14,33
5/1/2022,120,75,0,195,418.04,13,23
5/2/2022,120,75,0,195,373.25,14,27
5/3/2022,120,70,0,190,290.84,15,33
5/4/2022,120,70,0,190,308.4,15,24
5/5/2022,120,70,0,190,332.68,15,22
5/6/2022,120,60,0,180,369.9,13,23
5/7/2022,120,60,0,180,338.7,14,22
5/8/2022,120,60,0,180,353,14,25
5/9/2022,120,60,0,180,356.5,14,30
5/10/2022,120,60,0,180,361.64,14,26
5/11/2022,120,60,0,180,359.94,14,25
5/12/2022,120,60,0,180,342.38,14,24
5/13/2022,120,60,0,180,363.26,14,27
5/14/2022,120,60,0,180,358.82,14,30
5/15/2022,120,60,0,180,349.64,14,24
5/16/2022,120,60,0,180,355.84,14,24
5/17/2022,120,60,0,180,350.32,14,25
5/18/2022,120,60,0,180,359.18,14,26
5/19/2022,120,60,0,180,345.88,14,26
5/20/2022,120,60,0,180,354.2,14,30
5/21/2022,120,60,0,180,392.4,14,27
5/22/2022,120,60,0,180,369.76,14,25
5/23/2022,120,55,0,175,360.18,14,25
5/24/2022,120,55,0,175,386.29,13,27
5/25/2022,120,55,0,175,365.1,13,27
5/26/2022,120,50,0,170,387.56,13,27
5/27/2022,120,50,0,170,374.94,13,27
5/28/2022,120,50,0,170,384.84,12,28
5/29/2022,120,50,0,170,384.92,12,28
5/30/2022,120,50,0,170,378.2,12,30
5/31/2022,120,50,0,170,393.03,11,29
6/1/2022,120,50,0,170,395.34,11,27
6/2/2022,120,50,0,170,384.48,11,27
6/3/2022,120,50,0,170,359.48,11,28
6/4/2022,120,50,0,170,384.74,11,30
6/5/2022,120,50,0,170,409.4,11,31
6/6/2022,120,50,0,170,413.06,11,29
6/7/2022,120,50,0,170,412.88,11,29
6/8/2022,120,50,0,170,424.98,10,30
6/9/2022,120,65,0,185,405.4,11,33
6/10/2022,120,65,0,185,405.8,11,33
6/11/2022,120,65,0,185,414.8,11,35
6/12/2022,120,65,0,185,419.56,11,29
6/13/2022,120,65,0,185,413.46,11,28
6/14/2022,120,65,0,185,404.34,11,29
6/15/2022,115,65,0,180,424.78,10,29
6/16/2022,120,65,0,185,409.22,11,29
6/17/2022,120,65,0,185,379.98,11,30
6/18/2022,120,65,0,185,411.7,11,30
6/19/2022,120,65,0,185,410.38,11,29
6/20/2022,120,65,0,185,407.5,11,29
6/21/2022,120,65,0,185,409.26,11,28
6/22/2022,120,65,0,185,427.82,10,29
6/23/2022,120,65,0,185,423,10,31
6/24/2022,120,65,0,185,392.46,11,32
6/25/2022,120,60,0,180,449.86,11,30
6/26/2022,120,65,0,185,420.36,11,30
6/27/2022,120,65,0,185,430.04,10,31
6/28/2022,120,65,0,185,442.02,10,30
6/29/2022,120,65,0,185,443.66,10,30
6/30/2022,120,65,0,185,421.78,10,31
7/1/2022,120,65,0,185,380.78,11,30
7/2/2022,120,65,0,185,418.08,11,30
7/3/2022,120,65,0,185,440.76,11,30
7/4/2022,108,65,0,173,425.38,10.5,32
7/5/2022,120,65,0,185,438.32,10.5,32
7/6/2022,120,65,0,185,445.52,11,30
7/7/2022,120,65,0,185,441.68,11,30
7/8/2022,120,65,0,185,430.6,11,32
7/9/2022,120,65,0,185,430.22,11.5,31
7/10/2022,120,65,0,185,366.14,12.5,31
7/11/2022,120,65,0,185,382.18,12,30
7/12/2022,120,65,0,185,407.06,12,30
7/13/2022,120,65,0,185,433.8,11,30
7/14/2022,120,65,0,185,432.64,11,29
7/15/2022,120,65,0,185,397.64,11.5,30
7/16/2022,120,65,0,185,433.96,11.5,30
7/17/2022,120,65,0,185,435.6,11,31
7/18/2022,120,62,0,182,446.54,10.5,32
7/19/2022,120,62,0,182,454.32,10,33
7/20/2022,120,62,0,182,460.1,10,33
7/21/2022,120,62,0,182,451.76,10,30
7/22/2022,120,62,0,182,403.52,11,31
7/23/2022,120,62,0,182,441.74,10,32
7/24/2022,120,62,0,182,460.94,10,32
7/25/2022,120,62,0,182,450.92,10.5,33
7/26/2022,120,62,0,182,454.26,10,34
7/27/2022,120,63,0,183,449.82,10.5,34
7/28/2022,120,63,0,183,452.66,10.5,34
7/29/2022,120,63,0,183,422.96,10.5,33
7/30/2022,120,63,0,183,430.8,10.5,33
7/31/2022,120,63,0,183,446.92,10.5,31
8/1/2022,120,63,0,183,451.24,10,31
8/2/2022,120,63,0,183,460.26,10,33
8/3/2022,120,60,0,180,464.36,10,33
8/4/2022,120,60,0,180,456.84,9.5,33
8/5/2022,120,60,0,180,417.54,10.5,33
8/6/2022,115.5,34.5,0,150,586,8,32
8/7/2022,108,0,0,108,574,5,32
8/8/2022,96,38,0,134,627.7,4.5,33
8/9/2022,120,67,0,187,459.8,9,33
8/10/2022,120,67,0,187,465.66,10,33
8/11/2022,120,67,0,187,456.26,10.5,32
8/12/2022,120,65,0,185,400,11.5,32
8/13/2022,120,65,0,185,453.92,11,32
8/14/2022,120,65,0,185,456.26,11,31
8/15/2022,120,65,0,185,435.14,11,31
8/16/2022,120,67,0,187,444.16,11,31
8/17/2022,120,67,0,187,440.38,11,30
8/18/2022,120,67,0,187,436.3,11,31
8/19/2022,120,67,0,187,395.74,12,32
8/20/2022,120,67,0,187,449.2,11,33
8/21/2022,120,64,0,184,458.88,10.5,33
8/22/2022,120,65,0,185,466.1,10,32
8/23/2022,120,67,0,187,441.28,10.5,32
8/24/2022,120,67,0,187,441.84,10.5,34
8/25/2022,120,65,0,185,444.32,10.5,34
8/26/2022,120,65,0,185,398.98,11.5,33
8/27/2022,120,65,0,185,438.64,10.5,33
8/28/2022,120,68,0,188,465.42,10,35
8/29/2022,120,70,0,190,454.4,10.5,33
8/30/2022,120,65,0,185,470.3,10,33
8/31/2022,120,65,0,185,459.5,10,32
9/1/2022,120,65,0,185,453.7,10,32
9/2/2022,120,65,0,185,411.2,11,32
9/3/2022,120,65,0,185,448.94,10,31
9/4/2022,120,65,0,185,452.8,10,30
9/5/2022,120,65,0,185,453.5,10,30
9/6/2022,120,65,0,185,450.1,10.5,30
9/7/2022,120,65,0,185,445.64,10.5,31
9/8/2022,120,65,0,185,428,11,32
9/9/2022,120,65,0,185,398.2,11.5,33
9/10/2022,120,67,0,187,455.56,11,32
9/11/2022,120,67,0,187,446.14,11,32
9/12/2022,120,67,0,187,440.62,11,31
9/13/2022,120,67,0,187,458.88,11,31
9/14/2022,120,67,0,187,436.96,11,30
9/15/2022,120,67,0,187,425.52,11.5,31
9/16/2022,120,67,0,187,384.48,12.5,31
9/17/2022,120,67,0,187,434.86,11.5,31
9/18/2022,120,67,0,187,439,11.5,30
9/19/2022,120,67,0,187,433.44,11.5,29
9/20/2022,120,67,0,187,418.64,11.5,29
9/21/2022,120,67,0,187,422.94,11.5,29
9/22/2022,120,67,0,187,406.56,12,30
9/23/2022,120,67,0,187,374.9,13,31
9/24/2022,120,65,0,185,406.42,12,34
9/25/2022,120,65,0,185,434.3,12,33
9/26/2022,120,50,0,170,430.48,10.5,33
9/27/2022,120,50,0,170,423.86,10,34
9/28/2022,120,55,0,175,429.14,11,32
9/29/2022,120,65,0,185,420.66,11.5,32
9/30/2022,120,65,0,185,388.14,12.5,32
10/1/2022,120,65,0,185,431.36,11.5,33
10/2/2022,120,65,0,185,428.48,11,31
10/3/2022,120,65,0,185,434.74,11,31
10/4/2022,120,67,0,187,421.5,12,30
10/5/2022,120,67,0,187,425.12,12,30
10/6/2022,120,61,0,181,394.1,12,29
10/7/2022,120,65,0,185,388.86,13,27
10/8/2022,120,65,0,185,385.96,13,27
10/9/2022,120,67,0,187,397.3,13,28
10/10/2022,120,67,0,187,384.32,13.5,28
10/11/2022,120,67,0,187,394.8,13.5,28
10/12/2022,120,67,0,187,391.76,13.5,28
10/13/2022,120,67,0,187,383.42,13.5,28
10/14/2022,120,67,0,187,367.94,14.5,27
10/15/2022,120,67,0,187,393.8,14,29
10/16/2022,120,67,0,187,405.56,13.5,33
10/17/2022,120,67,0,187,387.1,13.5,29
10/18/2022,120,67,0,187,385.36,14,28
10/19/2022,120,67,0,187,396.02,14,28
10/20/2022,120,67,0,187,404.66,14,28
10/21/2022,120,67,0,187,373.1,14.5,27
10/22/2022,120,67,0,187,366.64,14.5,26
10/23/2022,120,67,0,187,374.16,14,26
10/24/2022,120,67,0,187,383.9,14,26
10/25/2022,120,67,0,187,375.92,14.5,31
10/26/2022,120,67,0,187,391.34,14,30
10/27/2022,120,67,0,187,375.62,14.5,29
10/28/2022,120,67,0,187,367.52,15.5,28
10/29/2022,120,67,0,187,382.76,14,28
10/30/2022,120,67,0,187,394.22,14,27
10/31/2022,120,67,0,187,386.26,14.5,23
11/1/2022,120,67,0,187,383.34,15,26
11/2/2022,120,67,0,187,375.46,15.5,25
11/3/2022,120,67,0,187,382.1,16,26
11/4/2022,120,42,0,162,375.36,13,26
11/5/2022,120,42,0,162,424.52,12,26
11/6/2022,120,42,0,162,440.5,12.5,27
11/7/2022,120,42,0,162,422.06,12.5,25
11/8/2022,108,42,0,150,469.8,9.5,22
11/9/2022,108,46,0,154,464.38,10.5,22
11/10/2022,108,46,0,154,413.16,11,23
11/11/2022,120,46,0,166,392.24,12,24
11/12/2022,120,46,0,166,407.72,13,26
11/13/2022,120,46,0,166,411.28,13,27
11/14/2022,120,46,0,166,422.16,13,26
11/15/2022,120,46,0,166,441.32,12,24
11/16/2022,120,46,0,166,437.08,12,23
11/17/2022,120,46,0,166,416.84,12.5,23
11/18/2022,120,46,0,166,399.22,13.5,24
11/19/2022,120,46,0,166,399.34,13,26
11/20/2022,120,46,0,166,430.98,12.5,28
11/21/2022,120,46,0,166,420.56,13,31
11/22/2022,120,46,0,166,443.28,12.5,25
11/23/2022,120,47,0,167,426.86,13,24
11/24/2022,120,47,0,167,442.98,12.5,22
11/25/2022,120,47,0,167,408.34,13,20
11/26/2022,120,47,0,167,485.88,12,19
11/27/2022,120,47,0,167,451.04,12,23
11/28/2022,120,47,0,167,492.94,11.5,25
11/29/2022,120,47,0,167,449.82,11.5,23
11/30/2022,120,47,0,167,454.24,11.5,23
12/1/2022,120,48,0,168,409.94,12.5,24
12/2/2022,120,73,0,193,401.7,14,23
12/3/2022,120,73,0,193,388.04,15,24
12/4/2022,120,73,0,193,407.04,15,24
12/5/2022,120,73,0,193,413.26,15,22
12/6/2022,120,73,0,193,430.88,14.5,21
12/7/2022,120,73,0,195,403.8,15,21
12/8/2022,120,73,0,195,403.32,15,22
12/9/2022,120,73,0,195,418.86,15,23
12/10/2022,120,75,0,195,418.76,15,24
12/11/2022,120,75,0,195,408.46,15,25
12/12/2022,120,75,0,195,402.8,15,25
12/13/2022,120,75,0,195,419.32,14.5,22
12/14/2022,120,74,0,194,435.42,14.5,21
12/15/2022,120,74,0,194,396.02,15,22
12/16/2022,120,74,0,194,401.54,15.5,24
12/17/2022,120,74,0,194,391.44,15.5,25
12/18/2022,120,74,0,194,393.26,15.5,26
12/19/2022,120,74,0,194,391.82,15.5,24
12/20/2022,120,74,0,194,409.98,15.5,23
12/21/2022,120,73,0,193,432.24,14.5,21
12/22/2022,120,75,0,195,424,14.5,20
12/23/2022,120,76,0,196,448.68,14.5,20
12/24/2022,120,76,0,196,486.6,13.5,18
12/25/2022,120,76,0,196,483.78,12.5,19
12/26/2022,120,76,0,196,552.22,12,17
12/27/2022,120,76,0,196,501.28,12.5,17
12/28/2022,120,78,0,198,509.42,13,18
12/29/2022,120,78,0,198,434.98,13.5,18
12/30/2022,120,75,0,195,469.14,13,19
12/31/2022,120,78,0,198,438.94,13.5,20
1/1/2023,120,78,0,198,538.68,12,22
1/2/2023,120,78,0,198,489.28,12.5,21
1/3/2023,120,78,0,198,516.62,12,21
1/4/2023,120,78,0,198,489.8,12.5,20
1/5/2023,120,77,0,197,516.34,12.5,18
1/6/2023,120,77,0,197,485.4,12.5,19
1/7/2023,120,77,0,197,557.6,11,19
1/8/2023,120,77,0,197,481.22,12.5,19
1/9/2023,120,77,0,197,532.2,12,17
1/10/2023,120,77,0,197,453.52,13,19
1/11/2023,120,77,0,197,483.26,12.5,21
1/12/2023,120,77,0,197,481.3,12.5,17
1/13/2023,120,77,0,197,480.4,12.5,18
1/14/2023,120,77,0,197,465.28,13,17
1/15/2023,120,77,0,197,490.4,12.5,18
1/16/2023,120,77,0,197,512.82,12,19
1/17/2023,120,79,0,199,492.02,12.5,19
1/18/2023,120,79,0,199,459.88,13.5,20
1/19/2023,120,77,0,197,463.7,13,22
1/20/2023,120,77,0,197,456.34,13,24
1/21/2023,120,77,0,197,463.74,13,19
1/22/2023,120,75,0,195,480.4,12.5,19
1/23/2023,120,74,0,194,497.88,12,22
1/24/2023,120,72,0,192,474.32,12.5,22
1/25/2023,120,74,0,194,459.32,13,20
1/26/2023,120,75,0,195,437.76,13.5,20
1/27/2023,120,72,0,192,453.64,13,26
1/28/2023,120,70,0,190,456.94,13,25
1/29/2023,120,72,0,192,473.34,13,21
1/30/2023,120,72,0,192,435.24,13,19
1/31/2023,120,74,0,194,553.08,11.5,15
2/1/2023,120,73,0,193,543.82,11.5,17
2/2/2023,120,74,0,194,532,11.5,15
2/3/2023,120,74,0,194,542.48,11.5,16
2/4/2023,120,75,0,195,575.62,11,15
2/5/2023,120,75,0,195,497.88,11.5,19
2/6/2023,120,74,0,194,565.98,11,15
2/7/2023,120,78,0,198,573.04,10.5,12
2/8/2023,108,80,0,188,666.34,9,12
2/9/2023,120,81,0,201,591.96,9.5,14
2/10/2023,120,79,0,199,522.16,10.5,16
2/11/2023,120,81,0,201,524.48,11.5,16
2/12/2023,120,79,0,199,576.36,10.5,13
2/13/2023,120,79,0,199,528.72,11,15
2/14/2023,120,79,0,199,531.36,11.5,15
2/15/2023,120,78,0,198,584.72,11,14
2/16/2023,120,77,0,197,526.18,10.5,16
2/17/2023,120,79,0,199,488.7,12,17
2/18/2023,120,78,0,198,502.3,12.5,18
2/19/2023,120,78,0,198,507.34,13,19
2/20/2023,120,73,0,193,526.6,11,18
2/21/2023,120,74,0,194,469.54,13,19
2/22/2023,120,77,0,197,451.08,13.5,18
2/23/2023,120,76,0,196,461.94,13.5,17
2/24/2023,120,76,0,196,474.9,13,18
2/25/2023,120,77,0,197,425.1,14,18
2/26/2023,120,77,0,197,444.12,14,19
2/27/2023,120,75,0,195,444.12,14.5,23
2/28/2023,120,71,0,191,394.74,14.5,29
3/1/2023,120,72,0,192,372.86,15.5,29
3/2/2023,120,73,0,193,356.32,15.5,31
3/3/2023,108,72,0,180,377.16,15,22
3/4/2023,108,72,0,180,390.7,14.5,25
3/5/2023,108,70,0,178,390.52,14.5,25
3/6/2023,120,70,0,190,381.7,15.5,19
3/7/2023,112,75,0,187,377.16,16,20
3/8/2023,120,71,0,191,389.64,15,19
3/9/2023,120,73,0,193,364.38,15.5,20
3/10/2023,120,73,0,193,398.48,16,23
3/11/2023,120,73,0,193,368.06,16.5,28
3/12/2023,120,73,0,193,374.84,16,28
3/13/2023,120,71,0,191,375.28,16,27
3/14/2023,120,73,0,193,433.24,14.5,17
3/15/2023,108,77,0,185,428.78,13.5,17
3/16/2023,108,77,0,185,374.66,14.5,22
3/17/2023,120,77,0,197,384.44,16,22
3/18/2023,120,74,0,194,373.36,16,20
3/19/2023,120,74,0,194,406.68,15,17
3/20/2023,120,75,0,195,457.34,14,15
3/21/2023,120,76,0,196,387.5,15,19
3/22/2023,120,74,0,194,423.24,14.5,22
3/23/2023,120,76,0,196,423.84,15,24
3/24/2023,120,73,0,193,404.38,15,30
3/25/2023,120,73,0,193,409.52,15,23
3/26/2023,120,74,0,194,380.02,15.5,18
3/27/2023,120,75,0,195,381.96,16.5,18
3/28/2023,120,73,0,193,381.72,16,20
3/29/2023,120,74,0,194,390.02,16,22
3/30/2023,120,76,0,196,387.82,16,20
3/31/2023,120,75,0,195,387.78,15.5,15
4/1/2023,120,77,0,197,369.46,16.5,19
4/2/2023,120,76,0,196,374.24,16.5,23
4/3/2023,120,72,0,192,375.48,16.5,27
4/4/2023,120,69,0,189,356.52,16.5,33
4/5/2023,120,69,0,189,372.58,16.5,22
4/6/2023,120,72,0,192,356.8,16.5,22
4/7/2023,120,67,0,187,360.64,16,35
4/8/2023,120,70,0,190,366.5,16.5,28
4/9/2023,120,70,0,190,392.56,16,35
4/10/2023,120,66,0,186,406.32,15.5,35
4/11/2023,120,70,0,190,363.72,16,20
4/12/2023,120,71,0,191,401.58,15,15
4/13/2023,120,72,0,192,369.58,15.5,18
4/14/2023,120,71,0,191,346.7,16.5,24
4/15/2023,120,67,0,187,359.22,16.5,25
4/16/2023,120,67,0,187,357.62,16,25
4/17/2023,120,68,0,188,359.14,16,26
4/18/2023,120,67,0,187,339.34,16.5,32
4/19/2023,120,66,0,186,379.1,15.5,37
4/20/2023,120,68,0,188,432.6,15,21
4/21/2023,120,70,0,190,405.86,15.5,22
4/22/2023,120,66,0,186,289.7,18,22
4/23/2023,120,66,0,186,295.3,18,23
4/24/2023,120,67,0,187,335.48,17.5,24
4/25/2023,120,69,0,189,346.3,16.5,22
4/26/2023,120,69,0,189,345.82,16.5,25
4/27/2023,120,68,0,188,346.46,16.5,28
4/28/2023,120,68,0,188,370.16,16.5,22
4/29/2023,120,69,0,189,338.38,16.5,20
4/30/2023,120,69,0,189,342.88,16,20
5/1/2023,120,71,0,191,348.84,16.5,23
5/2/2023,120,70,0,190,338.08,16.5,24
5/3/2023,120,68,0,188,332.78,16.5,24
5/4/2023,120,63,0,183,332.72,16,30
5/5/2023,120,66,0,186,352.9,16.5,37
5/6/2023,120,66,0,186,341.02,16.5,25
5/7/2023,120,65,0,185,354.14,16,23
5/8/2023,120,67,0,187,339.12,16,24
5/9/2023,120,54,0,174,334.32,15.5,25
5/10/2023,120,45,0,165,340.86,15,28
5/11/2023,120,43,0,163,350.6,14.5,30
5/12/2023,120,43,0,163,349.94,15,26
5/13/2023,120,45,0,165,332.8,15,24
5/14/2023,120,48,0,168,348.88,14.5,26
5/15/2023,120,56,0,176,357.04,15,27
5/16/2023,120,66,0,186,349.98,16,32
5/17/2023,120,65,0,185,349.52,15,33
5/18/2023,120,68,0,188,353.16,16,23
5/19/2023,120,68,0,188,354.46,16.5,24
5/20/2023,120,66,0,186,339.7,16,25
6/1/2023,120,62,0,182,397.06,13,40
6/2/2023,108,60,0,168,401.86,12.5,45
6/3/2023,120,64,0,184,418.94,12.5,27
6/4/2023,120,67,0,187,389.66,13,28
6/5/2023,120,67,0,187,382.62,14,27
6/6/2023,120,68,0,188,373.44,15,27
6/7/2023,120,66,0,186,381.7,14.5,29
6/8/2023,120,65,0,185,399.38,13.5,38
6/9/2023,120,59,0,179,394.68,13,39
6/10/2023,120,64,0,184,420.46,12.5,27
6/11/2023,120,64,0,184,391.82,13,28
6/12/2023,120,65,0,185,390.36,13.5,28
6/13/2023,120,64,0,184,413.2,13.5,32
6/14/2023,120,63,0,183,396.16,13,28
6/15/2023,120,67,0,187,372.58,14,27
6/16/2023,120,65,0,185,356.98,14.5,32
6/17/2023,120,61,0,181,418.24,13,37
6/18/2023,120,63,0,183,395.66,13,29
5/21/2023,120,65,0,185,335.68,15,30
5/22/2023,120,65,0,185,358.08,15,33
5/23/2023,120,68,0,188,365.1,15,30
5/24/2023,120,69,0,189,381.96,15,34
5/25/2023,120,71,0,191,355.22,15.5,27
5/26/2023,120,67,0,187,356.18,16,30
5/27/2023,120,61,0,181,395.6,14,40
5/28/2023,120,61,0,181,415.02,13,34
5/29/2023,120,66,0,186,378.04,14,27
5/30/2023,120,66,0,186,376.92,14.5,29
5/31/2023,120,67,0,187,369.6,14.5,30
6/19/2023,120,64,0,184,395.44,13,28
6/20/2023,120,64,0,184,402.32,12.5,28
6/21/2023,120,64,0,184,401.1,13,29
6/22/2023,120,62,0,182,400.06,13,29
6/23/2023,120,61,0,181,386.26,13.5,30
6/24/2023,120,60,0,180,395.42,12.5,31
6/25/2023,120,60,0,180,429.2,12,31
6/26/2023,120,62,0,182,405.96,12,30
6/27/2023,120,62,0,182,410.84,12.5,32
6/28/2023,120,62,0,182,391.9,12.5,31
6/29/2023,120,61,0,181,369.68,13.5,30
6/30/2023,120,61,0,181,355.76,13.5,30
7/1/2023,120,61,0,181,394.8,13.5,30
7/2/2023,120,60,0,180,414.78,12,29
7/3/2023,120,60,0,180,415.68,12,32
7/4/2023,120,60,0,180,441.54,11.5,33
7/5/2023,120,59,0,179,442.26,11.5,30
7/6/2023,120,59,0,179,440.46,11.5,30
7/7/2023,120,59,0,179,403.94,12.5,30
7/8/2023,120,60,0,180,431.7,11.5,31
7/9/2023,120,64,0,184,437.46,11.5,31
7/10/2023,120,65,0,185,435.5,11.5,30
7/11/2023,120,63,0,183,454.9,11.5,32
7/12/2023,120,64,0,184,453.9,11.5,33
7/13/2023,120,64,0,184,446.6,11.5,33
7/14/2023,120,61,0,181,411.86,12,34
7/15/2023,120,63,0,183,454.18,11.5,35
7/16/2023,120,66,0,186,471.84,11,35
7/17/2023,120,68,0,188,460.48,11,37
7/18/2023,120,68,0,188,476.8,11,35
7/19/2023,120,68,0,188,474.56,10.5,34
7/20/2023,120,68,0,188,429.82,11,36
7/21/2023,120,68,0,188,411.34,12,33
7/22/2023,120,69,0,189,449.88,11,35
7/23/2023,120,68,0,188,466.24,10.5,35
7/24/2023,120,66,0,186,498.36,10,37
7/25/2023,120,68,0,188,477.54,10,35
7/26/2023,120,66,0,186,481.32,10,37
7/27/2023,120,67,0,187,502.88,10,37
7/28/2023,120,67,0,187,428.08,11,37
7/29/2023,120,67,0,187,466.08,10.5,32
7/30/2023,120,65,0,185,472.1,10.5,32
7/31/2023,120,66,0,186,467.86,10,33
8/1/2023,120,81,0,201,461.36,12,32
8/2/2023,120,95,0,215,462.28,12.5,34
8/3/2023,120,93,0,213,439.16,12.5,31
8/4/2023,120,92,0,212,403.6,13,31
8/5/2023,120,93,0,213,444.5,13,33
8/6/2023,120,94,0,214,452.08,12.5,35
8/7/2023,120,93,0,213,446.92,12.5,34
8/8/2023,120,92,0,212,484.76,12.5,33
8/9/2023,120,94,0,214,460.34,12.5,33
8/10/2023,120,93,0,213,441.58,12.5,32
8/11/2023,120,92,0,212,404.14,13,30
8/12/2023,120,88,0,208,453.66,12.5,32
8/13/2023,120,81,0,201,492.9,11.5,30
8/14/2023,120,90,0,210,505.24,11.5,32
8/15/2023,120,92,0,212,490.68,11.5,32
8/16/2023,120,89,0,209,464.82,12,32
8/17/2023,120,94,0,214,460.44,12.5,32
8/18/2023,120,94,0,214,417.18,13,32
8/19/2023,120,94,0,214,456.7,12.5,32
8/20/2023,120,94,0,214,449,12.5,32
8/21/2023,120,94,0,214,446.88,13,30
8/22/2023,120,95,0,215,443.44,13,31
8/23/2023,120,94,0,214,440.84,13,31
8/24/2023,120,93,0,213,422.78,13,30
8/25/2023,120,94,0,214,405.4,14,31
8/26/2023,120,95,0,215,439.62,13.5,32
8/27/2023,120,95,0,215,449.36,13,32
8/28/2023,120,93,0,213,448.74,12.5,32
8/29/2023,120,92,0,212,446.6,12.5,32
8/30/2023,120,95,0,215,452.84,13,33
8/31/2023,120,95,0,215,443.98,13,33
9/1/2023,120,66,0,186,418.08,12,30
9/2/2023,120,66,0,186,449.24,11.5,30
9/3/2023,120,65,0,185,450.22,11,31
9/4/2023,120,65,0,185,455.62,11,31
9/5/2023,120,65,0,185,456.64,11,35
9/6/2023,120,65,0,185,490.52,11,37
9/7/2023,120,65,0,185,452.66,10.5,37
9/8/2023,120,63,0,183,435.8,11.5,41
9/9/2023,120,62,0,182,493.84,10,34
9/10/2023,120,67,0,187,473.16,11,33
9/11/2023,120,68,0,188,479.4,11,37
9/12/2023,120,66,0,186,493.32,10.5,35
9/13/2023,120,69,0,189,479.7,10.5,30
9/14/2023,120,69,0,189,430.86,12,31
9/15/2023,120,70,0,190,397.82,13,31
9/16/2023,120,65,0,185,435.78,12,31
9/17/2023,120,59,0,179,436.72,11.5,30
9/18/2023,120,59,0,179,446.78,11.5,30
9/19/2023,120,59,0,179,445.56,11.5,30
9/20/2023,120,63,0,183,445.62,11.5,29
9/21/2023,120,70,0,190,421.48,12.5,30
9/22/2023,120,70,0,190,391.14,13.5,32
9/23/2023,120,69,0,189,446.08,12.5,32
9/24/2023,120,70,0,190,454.22,12,31
9/25/2023,120,71,0,191,443.06,12.5,31
9/26/2023,120,70,0,190,415,12,30
9/27/2023,120,70,0,190,422.68,12.5,31
9/28/2023,120,70,0,190,413.1,13,33
9/29/2023,120,69,0,189,409.4,13.5,33
9/30/2023,120,70,0,190,439.56,13.5,32
